event_id,auction_house_id,auction_event,auction_date,auction_location,category,data_status
SIM-2020-SOT-JAD-1,SOT,春季 韞玉生輝－中國古代玉器（模擬場次）,2020-03-01,香港,玉器,模擬
SIM-2020-CGD-BRO-1,CGD,春季 吉金永寶－重要青銅器（模擬場次）,2020-03-07,北京,銅器,模擬
SIM-2020-CHR-CAL-1,CHR,春季 中國書畫珍藏（模擬場次）,2020-03-08,香港,法書,模擬
SIM-2020-PHK-BRO-1,PHK,春季 吉金永寶－重要青銅器（模擬場次）,2020-03-08,香港,銅器,模擬
SIM-2020-YZH-JAD-1,YZH,春季 瑰麗玉器與宮廷藝術（模擬場次）,2020-03-08,台北,玉器,模擬
SIM-2020-TCA-CER-1,TCA,春季 中國藝術珍品－瓷器專場（模擬場次）,2020-03-08,東京,陶瓷器,模擬
SIM-2020-TFA-BRO-1,TFA,春季 中國古代青銅器藝術（模擬場次）,2020-03-08,東京,銅器,模擬
SIM-2020-CHR-JAD-1,CHR,春季 中國藝術珍品－玉器專場（模擬場次）,2020-03-15,香港,玉器,模擬
SIM-2020-SOT-CER-1,SOT,春季 御窯菁華－中國古代陶瓷（模擬場次）,2020-03-15,香港,陶瓷器,模擬
SIM-2020-BON-JAD-1,BON,春季 瑰麗玉器與宮廷藝術（模擬場次）,2020-03-15,香港,玉器,模擬
SIM-2020-CHR-PAI-1,CHR,春季 翰墨丹青－中國繪畫專場（模擬場次）,2020-03-21,香港,繪畫,模擬
SIM-2020-HYG-JAD-1,HYG,春季 韞玉生輝－中國古代玉器（模擬場次）,2020-03-22,廣州,玉器,模擬
SIM-2020-CHR-BRO-1,CHR,春季 中國藝術珍品－青銅器專場（模擬場次）,2020-03-28,香港,銅器,模擬
SIM-2020-TFA-JAD-1,TFA,春季 瑰麗玉器與宮廷藝術（模擬場次）,2020-03-28,東京,玉器,模擬
SIM-2020-CGH-BRO-1,CGH,春季 中國藝術珍品－青銅器專場（模擬場次）,2020-04-04,香港,銅器,模擬
SIM-2020-CGH-CER-1,CGH,春季 中國藝術珍品－瓷器專場（模擬場次）,2020-04-04,香港,陶瓷器,模擬
SIM-2020-PHK-CAL-1,PHK,春季 翰墨流芳－歷代法書（模擬場次）,2020-04-04,香港,法書,模擬
SIM-2020-YIA-CER-1,YIA,春季 御窯菁華－中國古代陶瓷（模擬場次）,2020-04-04,橫濱,陶瓷器,模擬
SIM-2020-YON-JAD-1,YON,春季 中國藝術珍品－玉器專場（模擬場次）,2020-04-04,北京,玉器,模擬
SIM-2020-YZH-PAI-1,YZH,春季 中國古代書畫（模擬場次）,2020-04-05,台北,繪畫,模擬
SIM-2020-CGD-JAD-1,CGD,春季 韞玉生輝－中國古代玉器（模擬場次）,2020-04-11,北京,玉器,模擬
SIM-2020-TCA-PAI-1,TCA,春季 翰墨丹青－中國繪畫專場（模擬場次）,2020-04-11,東京,繪畫,模擬
SIM-2020-YON-PAI-1,YON,春季 翰墨丹青－中國繪畫專場（模擬場次）,2020-04-11,北京,繪畫,模擬
SIM-2020-XLY-BRO-1,XLY,春季 中國古代青銅器藝術（模擬場次）,2020-04-11,杭州,銅器,模擬
SIM-2020-BPL-BRO-1,BPL,春季 中國古代青銅器藝術（模擬場次）,2020-04-12,北京,銅器,模擬
SIM-2020-DIT-JAD-1,DIT,春季 中國藝術珍品－玉器專場（模擬場次）,2020-04-12,台北,玉器,模擬
SIM-2020-TCA-BRO-1,TCA,春季 中國藝術珍品－青銅器專場（模擬場次）,2020-04-12,東京,銅器,模擬
SIM-2020-YON-CER-1,YON,春季 中國藝術珍品－瓷器專場（模擬場次）,2020-04-12,北京,陶瓷器,模擬
SIM-2020-SOT-CAL-1,SOT,春季 翰墨流芳－歷代法書（模擬場次）,2020-04-12,香港,法書,模擬
SIM-2020-DIT-CAL-1,DIT,春季 中國書畫珍藏（模擬場次）,2020-04-19,台北,法書,模擬
SIM-2020-YIA-BRO-1,YIA,春季 吉金永寶－重要青銅器（模擬場次）,2020-04-19,橫濱,銅器,模擬
SIM-2020-YZH-CAL-1,YZH,春季 中國古代書法（模擬場次）,2020-04-25,台北,法書,模擬
SIM-2020-CGH-PAI-1,CGH,春季 翰墨丹青－中國繪畫專場（模擬場次）,2020-04-26,香港,繪畫,模擬
SIM-2020-PHK-CER-1,PHK,春季 御窯菁華－中國古代陶瓷（模擬場次）,2020-05-02,香港,陶瓷器,模擬
SIM-2020-TCA-CAL-1,TCA,春季 中國書畫珍藏（模擬場次）,2020-05-02,東京,法書,模擬
SIM-2020-XLY-JAD-1,XLY,春季 瑰麗玉器與宮廷藝術（模擬場次）,2020-05-03,杭州,玉器,模擬
SIM-2020-TFA-CAL-1,TFA,春季 中國古代書法（模擬場次）,2020-05-09,東京,法書,模擬
SIM-2020-YZH-CER-1,YZH,春季 重要中國瓷器及工藝精品（模擬場次）,2020-05-10,台北,陶瓷器,模擬
SIM-2020-TCA-JAD-1,TCA,春季 中國藝術珍品－玉器專場（模擬場次）,2020-05-10,東京,玉器,模擬
SIM-2020-SOT-BRO-1,SOT,春季 吉金永寶－重要青銅器（模擬場次）,2020-05-10,香港,銅器,模擬
SIM-2020-BON-CAL-1,BON,春季 中國古代書法（模擬場次）,2020-05-10,香港,法書,模擬
SIM-2020-BPL-CAL-1,BPL,春季 中國古代書法（模擬場次）,2020-05-16,北京,法書,模擬
SIM-2020-YON-CAL-1,YON,春季 中國書畫珍藏（模擬場次）,2020-05-16,北京,法書,模擬
SIM-2020-XLY-PAI-1,XLY,春季 中國古代書畫（模擬場次）,2020-05-16,杭州,繪畫,模擬
SIM-2020-XLY-CER-1,XLY,春季 重要中國瓷器及工藝精品（模擬場次）,2020-05-16,杭州,陶瓷器,模擬
SIM-2020-BON-PAI-1,BON,春季 中國古代書畫（模擬場次）,2020-05-16,香港,繪畫,模擬
SIM-2020-BPL-CER-1,BPL,春季 重要中國瓷器及工藝精品（模擬場次）,2020-05-17,北京,陶瓷器,模擬
SIM-2020-YON-BRO-1,YON,春季 中國藝術珍品－青銅器專場（模擬場次）,2020-05-17,北京,銅器,模擬
SIM-2020-HYG-PAI-1,HYG,春季 中國近現代書畫（模擬場次）,2020-05-17,廣州,繪畫,模擬
SIM-2020-CGH-JAD-1,CGH,春季 中國藝術珍品－玉器專場（模擬場次）,2020-05-23,香港,玉器,模擬
SIM-2020-BPL-JAD-1,BPL,春季 瑰麗玉器與宮廷藝術（模擬場次）,2020-05-23,北京,玉器,模擬
SIM-2020-BPL-PAI-1,BPL,春季 中國古代書畫（模擬場次）,2020-05-24,北京,繪畫,模擬
SIM-2020-HYG-CER-1,HYG,春季 御窯菁華－中國古代陶瓷（模擬場次）,2020-05-24,廣州,陶瓷器,模擬
SIM-2020-CHR-CER-1,CHR,春季 中國藝術珍品－瓷器專場（模擬場次）,2020-06-06,香港,陶瓷器,模擬
SIM-2020-PHK-PAI-1,PHK,春季 中國近現代書畫（模擬場次）,2020-06-06,香港,繪畫,模擬
SIM-2020-TFA-PAI-1,TFA,春季 中國古代書畫（模擬場次）,2020-06-07,東京,繪畫,模擬
SIM-2020-YIA-CAL-1,YIA,春季 翰墨流芳－歷代法書（模擬場次）,2020-06-07,橫濱,法書,模擬
SIM-2020-YIA-PAI-1,YIA,春季 中國近現代書畫（模擬場次）,2020-06-07,橫濱,繪畫,模擬
SIM-2020-CGH-CAL-1,CGH,春季 中國書畫珍藏（模擬場次）,2020-06-14,香港,法書,模擬
SIM-2020-YZH-BRO-1,YZH,春季 中國古代青銅器藝術（模擬場次）,2020-06-14,台北,銅器,模擬
SIM-2020-DIT-PAI-1,DIT,春季 翰墨丹青－中國繪畫專場（模擬場次）,2020-06-14,台北,繪畫,模擬
SIM-2020-TFA-CER-1,TFA,春季 重要中國瓷器及工藝精品（模擬場次）,2020-06-14,東京,陶瓷器,模擬
SIM-2020-SOT-PAI-1,SOT,春季 中國近現代書畫（模擬場次）,2020-06-14,香港,繪畫,模擬
SIM-2020-XLY-CAL-1,XLY,春季 中國古代書法（模擬場次）,2020-06-14,杭州,法書,模擬
SIM-2020-DIT-BRO-1,DIT,春季 中國藝術珍品－青銅器專場（模擬場次）,2020-06-20,台北,銅器,模擬
SIM-2020-DIT-CER-1,DIT,春季 中國藝術珍品－瓷器專場（模擬場次）,2020-06-20,台北,陶瓷器,模擬
SIM-2020-YIA-JAD-1,YIA,春季 韞玉生輝－中國古代玉器（模擬場次）,2020-06-20,橫濱,玉器,模擬
SIM-2020-BON-BRO-1,BON,春季 中國古代青銅器藝術（模擬場次）,2020-06-20,香港,銅器,模擬
SIM-2020-HYG-CAL-1,HYG,春季 翰墨流芳－歷代法書（模擬場次）,2020-06-21,廣州,法書,模擬
SIM-2020-CGD-CAL-1,CGD,春季 翰墨流芳－歷代法書（模擬場次）,2020-06-27,北京,法書,模擬
SIM-2020-CGD-PAI-1,CGD,春季 中國近現代書畫（模擬場次）,2020-06-27,北京,繪畫,模擬
SIM-2020-CGD-CER-1,CGD,春季 御窯菁華－中國古代陶瓷（模擬場次）,2020-06-27,北京,陶瓷器,模擬
SIM-2020-PHK-JAD-1,PHK,春季 韞玉生輝－中國古代玉器（模擬場次）,2020-06-27,香港,玉器,模擬
SIM-2020-HYG-BRO-1,HYG,春季 吉金永寶－重要青銅器（模擬場次）,2020-06-27,廣州,銅器,模擬
SIM-2020-BON-CER-1,BON,春季 重要中國瓷器及工藝精品（模擬場次）,2020-06-28,香港,陶瓷器,模擬
SIM-2020-SOT-CER-2,SOT,秋季 中國藝術珍品－瓷器專場（模擬場次）,2020-09-05,香港,陶瓷器,模擬
SIM-2020-XLY-PAI-2,XLY,秋季 中國近現代書畫（模擬場次）,2020-09-05,杭州,繪畫,模擬
SIM-2020-CGH-JAD-2,CGH,秋季 瑰麗玉器與宮廷藝術（模擬場次）,2020-09-06,香港,玉器,模擬
SIM-2020-PHK-JAD-2,PHK,秋季 中國藝術珍品－玉器專場（模擬場次）,2020-09-06,香港,玉器,模擬
SIM-2020-TFA-BRO-2,TFA,秋季 吉金永寶－重要青銅器（模擬場次）,2020-09-06,東京,銅器,模擬
SIM-2020-YON-BRO-2,YON,秋季 中國古代青銅器藝術（模擬場次）,2020-09-06,北京,銅器,模擬
SIM-2020-HYG-CER-2,HYG,秋季 中國藝術珍品－瓷器專場（模擬場次）,2020-09-06,廣州,陶瓷器,模擬
SIM-2020-XLY-CAL-2,XLY,秋季 翰墨流芳－歷代法書（模擬場次）,2020-09-06,杭州,法書,模擬
SIM-2020-BON-PAI-2,BON,秋季 中國近現代書畫（模擬場次）,2020-09-06,香港,繪畫,模擬
SIM-2020-CGH-CAL-2,CGH,秋季 中國古代書法（模擬場次）,2020-09-12,香港,法書,模擬
SIM-2020-TCA-PAI-2,TCA,秋季 中國古代書畫（模擬場次）,2020-09-12,東京,繪畫,模擬
SIM-2020-TCA-BRO-2,TCA,秋季 中國古代青銅器藝術（模擬場次）,2020-09-12,東京,銅器,模擬
SIM-2020-XLY-BRO-2,XLY,秋季 吉金永寶－重要青銅器（模擬場次）,2020-09-12,杭州,銅器,模擬
SIM-2020-BPL-CAL-2,BPL,秋季 翰墨流芳－歷代法書（模擬場次）,2020-09-13,北京,法書,模擬
SIM-2020-DIT-JAD-2,DIT,秋季 瑰麗玉器與宮廷藝術（模擬場次）,2020-09-13,台北,玉器,模擬
SIM-2020-HYG-BRO-2,HYG,秋季 中國藝術珍品－青銅器專場（模擬場次）,2020-09-13,廣州,銅器,模擬
SIM-2020-YZH-CAL-2,YZH,秋季 翰墨流芳－歷代法書（模擬場次）,2020-09-19,台北,法書,模擬
SIM-2020-YON-JAD-2,YON,秋季 瑰麗玉器與宮廷藝術（模擬場次）,2020-09-19,北京,玉器,模擬
SIM-2020-BON-BRO-2,BON,秋季 吉金永寶－重要青銅器（模擬場次）,2020-09-20,香港,銅器,模擬
SIM-2020-CHR-JAD-2,CHR,秋季 瑰麗玉器與宮廷藝術（模擬場次）,2020-09-26,香港,玉器,模擬
SIM-2020-PHK-CER-2,PHK,秋季 中國藝術珍品－瓷器專場（模擬場次）,2020-09-27,香港,陶瓷器,模擬
SIM-2020-YIA-CER-2,YIA,秋季 中國藝術珍品－瓷器專場（模擬場次）,2020-09-27,橫濱,陶瓷器,模擬
SIM-2020-PHK-PAI-2,PHK,秋季 翰墨丹青－中國繪畫專場（模擬場次）,2020-10-03,香港,繪畫,模擬
SIM-2020-YZH-JAD-2,YZH,秋季 韞玉生輝－中國古代玉器（模擬場次）,2020-10-03,台北,玉器,模擬
SIM-2020-HYG-JAD-2,HYG,秋季 中國藝術珍品－玉器專場（模擬場次）,2020-10-03,廣州,玉器,模擬
SIM-2020-CHR-CAL-2,CHR,秋季 中國古代書法（模擬場次）,2020-10-04,香港,法書,模擬
SIM-2020-HYG-CAL-2,HYG,秋季 中國書畫珍藏（模擬場次）,2020-10-04,廣州,法書,模擬
SIM-2020-BON-CER-2,BON,秋季 御窯菁華－中國古代陶瓷（模擬場次）,2020-10-04,香港,陶瓷器,模擬
SIM-2020-CGD-BRO-2,CGD,秋季 中國藝術珍品－青銅器專場（模擬場次）,2020-10-10,北京,銅器,模擬
SIM-2020-PHK-BRO-2,PHK,秋季 中國藝術珍品－青銅器專場（模擬場次）,2020-10-10,香港,銅器,模擬
SIM-2020-CHR-PAI-2,CHR,秋季 中國古代書畫（模擬場次）,2020-10-11,香港,繪畫,模擬
SIM-2020-YZH-CER-2,YZH,秋季 御窯菁華－中國古代陶瓷（模擬場次）,2020-10-11,台北,陶瓷器,模擬
SIM-2020-TCA-JAD-2,TCA,秋季 瑰麗玉器與宮廷藝術（模擬場次）,2020-10-11,東京,玉器,模擬
SIM-2020-TCA-CER-2,TCA,秋季 重要中國瓷器及工藝精品（模擬場次）,2020-10-11,東京,陶瓷器,模擬
SIM-2020-SOT-BRO-2,SOT,秋季 中國藝術珍品－青銅器專場（模擬場次）,2020-10-11,香港,銅器,模擬
SIM-2020-BON-JAD-2,BON,秋季 韞玉生輝－中國古代玉器（模擬場次）,2020-10-11,香港,玉器,模擬
SIM-2020-HYG-PAI-2,HYG,秋季 翰墨丹青－中國繪畫專場（模擬場次）,2020-10-18,廣州,繪畫,模擬
SIM-2020-BPL-PAI-2,BPL,秋季 中國近現代書畫（模擬場次）,2020-10-25,北京,繪畫,模擬
SIM-2020-TFA-CER-2,TFA,秋季 御窯菁華－中國古代陶瓷（模擬場次）,2020-10-25,東京,陶瓷器,模擬
SIM-2020-CGH-PAI-2,CGH,秋季 中國古代書畫（模擬場次）,2020-10-31,香港,繪畫,模擬
SIM-2020-PHK-CAL-2,PHK,秋季 中國書畫珍藏（模擬場次）,2020-10-31,香港,法書,模擬
SIM-2020-TCA-CAL-2,TCA,秋季 中國古代書法（模擬場次）,2020-10-31,東京,法書,模擬
SIM-2020-YIA-BRO-2,YIA,秋季 中國藝術珍品－青銅器專場（模擬場次）,2020-10-31,橫濱,銅器,模擬
SIM-2020-YON-PAI-2,YON,秋季 中國古代書畫（模擬場次）,2020-10-31,北京,繪畫,模擬
SIM-2020-SOT-PAI-2,SOT,秋季 翰墨丹青－中國繪畫專場（模擬場次）,2020-10-31,香港,繪畫,模擬
SIM-2020-XLY-CER-2,XLY,秋季 御窯菁華－中國古代陶瓷（模擬場次）,2020-10-31,杭州,陶瓷器,模擬
SIM-2020-CGH-BRO-2,CGH,秋季 中國古代青銅器藝術（模擬場次）,2020-11-01,香港,銅器,模擬
SIM-2020-BPL-CER-2,BPL,秋季 御窯菁華－中國古代陶瓷（模擬場次）,2020-11-01,北京,陶瓷器,模擬
SIM-2020-YON-CAL-2,YON,秋季 中國古代書法（模擬場次）,2020-11-01,北京,法書,模擬
SIM-2020-CGD-JAD-2,CGD,秋季 中國藝術珍品－玉器專場（模擬場次）,2020-11-07,北京,玉器,模擬
SIM-2020-YIA-PAI-2,YIA,秋季 翰墨丹青－中國繪畫專場（模擬場次）,2020-11-07,橫濱,繪畫,模擬
SIM-2020-SOT-CAL-2,SOT,秋季 中國書畫珍藏（模擬場次）,2020-11-07,香港,法書,模擬
SIM-2020-DIT-BRO-2,DIT,秋季 中國古代青銅器藝術（模擬場次）,2020-11-15,台北,銅器,模擬
SIM-2020-CGD-CAL-2,CGD,秋季 中國書畫珍藏（模擬場次）,2020-11-21,北京,法書,模擬
SIM-2020-YIA-CAL-2,YIA,秋季 中國書畫珍藏（模擬場次）,2020-11-21,橫濱,法書,模擬
SIM-2020-DIT-PAI-2,DIT,秋季 中國古代書畫（模擬場次）,2020-11-22,台北,繪畫,模擬
SIM-2020-BON-CAL-2,BON,秋季 翰墨流芳－歷代法書（模擬場次）,2020-11-22,香港,法書,模擬
SIM-2020-BPL-JAD-2,BPL,秋季 韞玉生輝－中國古代玉器（模擬場次）,2020-11-28,北京,玉器,模擬
SIM-2020-YON-CER-2,YON,秋季 重要中國瓷器及工藝精品（模擬場次）,2020-11-28,北京,陶瓷器,模擬
SIM-2020-TFA-JAD-2,TFA,秋季 韞玉生輝－中國古代玉器（模擬場次）,2020-11-29,東京,玉器,模擬
SIM-2020-BPL-BRO-2,BPL,秋季 吉金永寶－重要青銅器（模擬場次）,2020-12-05,北京,銅器,模擬
SIM-2020-TFA-PAI-2,TFA,秋季 中國近現代書畫（模擬場次）,2020-12-05,東京,繪畫,模擬
SIM-2020-CGD-CER-2,CGD,秋季 中國藝術珍品－瓷器專場（模擬場次）,2020-12-06,北京,陶瓷器,模擬
SIM-2020-TFA-CAL-2,TFA,秋季 翰墨流芳－歷代法書（模擬場次）,2020-12-06,東京,法書,模擬
SIM-2020-XLY-JAD-2,XLY,秋季 韞玉生輝－中國古代玉器（模擬場次）,2020-12-06,杭州,玉器,模擬
SIM-2020-YZH-PAI-2,YZH,秋季 中國近現代書畫（模擬場次）,2020-12-12,台北,繪畫,模擬
SIM-2020-DIT-CAL-2,DIT,秋季 中國古代書法（模擬場次）,2020-12-12,台北,法書,模擬
SIM-2020-YZH-BRO-2,YZH,秋季 吉金永寶－重要青銅器（模擬場次）,2020-12-13,台北,銅器,模擬
SIM-2020-DIT-CER-2,DIT,秋季 重要中國瓷器及工藝精品（模擬場次）,2020-12-13,台北,陶瓷器,模擬
SIM-2020-CGH-CER-2,CGH,秋季 重要中國瓷器及工藝精品（模擬場次）,2020-12-19,香港,陶瓷器,模擬
SIM-2020-YIA-JAD-2,YIA,秋季 中國藝術珍品－玉器專場（模擬場次）,2020-12-19,橫濱,玉器,模擬
SIM-2020-SOT-JAD-2,SOT,秋季 中國藝術珍品－玉器專場（模擬場次）,2020-12-19,香港,玉器,模擬
SIM-2020-CHR-BRO-2,CHR,秋季 中國古代青銅器藝術（模擬場次）,2020-12-26,香港,銅器,模擬
SIM-2020-CGD-PAI-2,CGD,秋季 翰墨丹青－中國繪畫專場（模擬場次）,2020-12-27,北京,繪畫,模擬
SIM-2020-CHR-CER-2,CHR,秋季 重要中國瓷器及工藝精品（模擬場次）,2020-12-27,香港,陶瓷器,模擬
SIM-2021-PHK-CAL-1,PHK,春季 中國書畫珍藏（模擬場次）,2021-03-06,香港,法書,模擬
SIM-2021-PHK-JAD-1,PHK,春季 中國藝術珍品－玉器專場（模擬場次）,2021-03-07,香港,玉器,模擬
SIM-2021-YON-CAL-1,YON,春季 中國古代書法（模擬場次）,2021-03-07,北京,法書,模擬
SIM-2021-XLY-PAI-1,XLY,春季 中國近現代書畫（模擬場次）,2021-03-07,杭州,繪畫,模擬
SIM-2021-TCA-JAD-1,TCA,春季 瑰麗玉器與宮廷藝術（模擬場次）,2021-03-13,東京,玉器,模擬
SIM-2021-SOT-CAL-1,SOT,春季 中國書畫珍藏（模擬場次）,2021-03-13,香港,法書,模擬
SIM-2021-SOT-PAI-1,SOT,春季 翰墨丹青－中國繪畫專場（模擬場次）,2021-03-13,香港,繪畫,模擬
SIM-2021-BPL-CAL-1,BPL,春季 翰墨流芳－歷代法書（模擬場次）,2021-03-20,北京,法書,模擬
SIM-2021-TCA-CAL-1,TCA,春季 中國古代書法（模擬場次）,2021-03-21,東京,法書,模擬
SIM-2021-TCA-BRO-1,TCA,春季 中國古代青銅器藝術（模擬場次）,2021-03-21,東京,銅器,模擬
SIM-2021-TFA-PAI-1,TFA,春季 中國近現代書畫（模擬場次）,2021-03-21,東京,繪畫,模擬
SIM-2021-YIA-BRO-1,YIA,春季 中國藝術珍品－青銅器專場（模擬場次）,2021-03-21,橫濱,銅器,模擬
SIM-2021-SOT-CER-1,SOT,春季 中國藝術珍品－瓷器專場（模擬場次）,2021-03-21,香港,陶瓷器,模擬
SIM-2021-YZH-JAD-1,YZH,春季 韞玉生輝－中國古代玉器（模擬場次）,2021-03-27,台北,玉器,模擬
SIM-2021-YZH-PAI-1,YZH,春季 中國近現代書畫（模擬場次）,2021-03-28,台北,繪畫,模擬
SIM-2021-YIA-PAI-1,YIA,春季 翰墨丹青－中國繪畫專場（模擬場次）,2021-03-28,橫濱,繪畫,模擬
SIM-2021-XLY-JAD-1,XLY,春季 韞玉生輝－中國古代玉器（模擬場次）,2021-03-28,杭州,玉器,模擬
SIM-2021-CGD-BRO-1,CGD,春季 中國藝術珍品－青銅器專場（模擬場次）,2021-04-03,北京,銅器,模擬
SIM-2021-DIT-JAD-1,DIT,春季 瑰麗玉器與宮廷藝術（模擬場次）,2021-04-03,台北,玉器,模擬
SIM-2021-XLY-CAL-1,XLY,春季 翰墨流芳－歷代法書（模擬場次）,2021-04-03,杭州,法書,模擬
SIM-2021-PHK-PAI-1,PHK,春季 翰墨丹青－中國繪畫專場（模擬場次）,2021-04-10,香港,繪畫,模擬
SIM-2021-DIT-BRO-1,DIT,春季 中國古代青銅器藝術（模擬場次）,2021-04-10,台北,銅器,模擬
SIM-2021-BPL-CER-1,BPL,春季 御窯菁華－中國古代陶瓷（模擬場次）,2021-04-11,北京,陶瓷器,模擬
SIM-2021-TFA-CAL-1,TFA,春季 翰墨流芳－歷代法書（模擬場次）,2021-04-11,東京,法書,模擬
SIM-2021-SOT-JAD-1,SOT,春季 中國藝術珍品－玉器專場（模擬場次）,2021-04-11,香港,玉器,模擬
SIM-2021-CHR-JAD-1,CHR,春季 瑰麗玉器與宮廷藝術（模擬場次）,2021-04-17,香港,玉器,模擬
SIM-2021-HYG-PAI-1,HYG,春季 翰墨丹青－中國繪畫專場（模擬場次）,2021-04-17,廣州,繪畫,模擬
SIM-2021-CHR-BRO-1,CHR,春季 中國古代青銅器藝術（模擬場次）,2021-04-24,香港,銅器,模擬
SIM-2021-BPL-BRO-1,BPL,春季 吉金永寶－重要青銅器（模擬場次）,2021-04-24,北京,銅器,模擬
SIM-2021-YON-PAI-1,YON,春季 中國古代書畫（模擬場次）,2021-04-24,北京,繪畫,模擬
SIM-2021-CGD-CAL-1,CGD,春季 中國書畫珍藏（模擬場次）,2021-04-25,北京,法書,模擬
SIM-2021-BON-PAI-1,BON,春季 中國近現代書畫（模擬場次）,2021-04-25,香港,繪畫,模擬
SIM-2021-HYG-BRO-1,HYG,春季 中國藝術珍品－青銅器專場（模擬場次）,2021-05-01,廣州,銅器,模擬
SIM-2021-CGH-BRO-1,CGH,春季 中國古代青銅器藝術（模擬場次）,2021-05-02,香港,銅器,模擬
SIM-2021-CGH-CER-1,CGH,春季 重要中國瓷器及工藝精品（模擬場次）,2021-05-08,香港,陶瓷器,模擬
SIM-2021-DIT-PAI-1,DIT,春季 中國古代書畫（模擬場次）,2021-05-08,台北,繪畫,模擬
SIM-2021-TCA-PAI-1,TCA,春季 中國古代書畫（模擬場次）,2021-05-08,東京,繪畫,模擬
SIM-2021-CGH-JAD-1,CGH,春季 瑰麗玉器與宮廷藝術（模擬場次）,2021-05-09,香港,玉器,模擬
SIM-2021-CGH-PAI-1,CGH,春季 中國古代書畫（模擬場次）,2021-05-09,香港,繪畫,模擬
SIM-2021-DIT-CAL-1,DIT,春季 中國古代書法（模擬場次）,2021-05-09,台北,法書,模擬
SIM-2021-YIA-JAD-1,YIA,春季 中國藝術珍品－玉器專場（模擬場次）,2021-05-09,橫濱,玉器,模擬
SIM-2021-XLY-CER-1,XLY,春季 御窯菁華－中國古代陶瓷（模擬場次）,2021-05-09,杭州,陶瓷器,模擬
SIM-2021-CHR-CAL-1,CHR,春季 中國古代書法（模擬場次）,2021-05-15,香港,法書,模擬
SIM-2021-TFA-JAD-1,TFA,春季 韞玉生輝－中國古代玉器（模擬場次）,2021-05-15,東京,玉器,模擬
SIM-2021-CGD-CER-1,CGD,春季 中國藝術珍品－瓷器專場（模擬場次）,2021-05-16,北京,陶瓷器,模擬
SIM-2021-YZH-CER-1,YZH,春季 御窯菁華－中國古代陶瓷（模擬場次）,2021-05-22,台北,陶瓷器,模擬
SIM-2021-YON-BRO-1,YON,春季 中國古代青銅器藝術（模擬場次）,2021-05-22,北京,銅器,模擬
SIM-2021-CHR-PAI-1,CHR,春季 中國古代書畫（模擬場次）,2021-05-23,香港,繪畫,模擬
SIM-2021-TFA-CER-1,TFA,春季 御窯菁華－中國古代陶瓷（模擬場次）,2021-05-23,東京,陶瓷器,模擬
SIM-2021-TCA-CER-1,TCA,春季 重要中國瓷器及工藝精品（模擬場次）,2021-05-29,東京,陶瓷器,模擬
SIM-2021-TFA-BRO-1,TFA,春季 吉金永寶－重要青銅器（模擬場次）,2021-05-30,東京,銅器,模擬
SIM-2021-CGH-CAL-1,CGH,春季 中國古代書法（模擬場次）,2021-06-05,香港,法書,模擬
SIM-2021-CGD-JAD-1,CGD,春季 中國藝術珍品－玉器專場（模擬場次）,2021-06-06,北京,玉器,模擬
SIM-2021-CGD-PAI-1,CGD,春季 翰墨丹青－中國繪畫專場（模擬場次）,2021-06-06,北京,繪畫,模擬
SIM-2021-SOT-BRO-1,SOT,春季 中國藝術珍品－青銅器專場（模擬場次）,2021-06-06,香港,銅器,模擬
SIM-2021-BON-CAL-1,BON,春季 翰墨流芳－歷代法書（模擬場次）,2021-06-06,香港,法書,模擬
SIM-2021-BON-BRO-1,BON,春季 吉金永寶－重要青銅器（模擬場次）,2021-06-06,香港,銅器,模擬
SIM-2021-BPL-PAI-1,BPL,春季 中國近現代書畫（模擬場次）,2021-06-12,北京,繪畫,模擬
SIM-2021-YIA-CER-1,YIA,春季 中國藝術珍品－瓷器專場（模擬場次）,2021-06-12,橫濱,陶瓷器,模擬
SIM-2021-HYG-CAL-1,HYG,春季 中國書畫珍藏（模擬場次）,2021-06-12,廣州,法書,模擬
SIM-2021-XLY-BRO-1,XLY,春季 吉金永寶－重要青銅器（模擬場次）,2021-06-12,杭州,銅器,模擬
SIM-2021-YZH-BRO-1,YZH,春季 吉金永寶－重要青銅器（模擬場次）,2021-06-13,台北,銅器,模擬
SIM-2021-BON-JAD-1,BON,春季 韞玉生輝－中國古代玉器（模擬場次）,2021-06-13,香港,玉器,模擬
SIM-2021-PHK-BRO-1,PHK,春季 中國藝術珍品－青銅器專場（模擬場次）,2021-06-19,香港,銅器,模擬
SIM-2021-PHK-CER-1,PHK,春季 中國藝術珍品－瓷器專場（模擬場次）,2021-06-19,香港,陶瓷器,模擬
SIM-2021-YON-JAD-1,YON,春季 瑰麗玉器與宮廷藝術（模擬場次）,2021-06-19,北京,玉器,模擬
SIM-2021-YON-CER-1,YON,春季 重要中國瓷器及工藝精品（模擬場次）,2021-06-19,北京,陶瓷器,模擬
SIM-2021-CHR-CER-1,CHR,春季 重要中國瓷器及工藝精品（模擬場次）,2021-06-20,香港,陶瓷器,模擬
SIM-2021-BPL-JAD-1,BPL,春季 韞玉生輝－中國古代玉器（模擬場次）,2021-06-20,北京,玉器,模擬
SIM-2021-DIT-CER-1,DIT,春季 重要中國瓷器及工藝精品（模擬場次）,2021-06-20,台北,陶瓷器,模擬
SIM-2021-YIA-CAL-1,YIA,春季 中國書畫珍藏（模擬場次）,2021-06-20,橫濱,法書,模擬
SIM-2021-HYG-CER-1,HYG,春季 中國藝術珍品－瓷器專場（模擬場次）,2021-06-20,廣州,陶瓷器,模擬
SIM-2021-YZH-CAL-1,YZH,春季 翰墨流芳－歷代法書（模擬場次）,2021-06-27,台北,法書,模擬
SIM-2021-HYG-JAD-1,HYG,春季 中國藝術珍品－玉器專場（模擬場次）,2021-06-27,廣州,玉器,模擬
SIM-2021-BON-CER-1,BON,春季 御窯菁華－中國古代陶瓷（模擬場次）,2021-06-27,香港,陶瓷器,模擬
SIM-2021-TFA-CAL-2,TFA,秋季 中國書畫珍藏（模擬場次）,2021-09-04,東京,法書,模擬
SIM-2021-PHK-CAL-2,PHK,秋季 中國古代書法（模擬場次）,2021-09-05,香港,法書,模擬
SIM-2021-YZH-CAL-2,YZH,秋季 中國書畫珍藏（模擬場次）,2021-09-05,台北,法書,模擬
SIM-2021-TFA-CER-2,TFA,秋季 中國藝術珍品－瓷器專場（模擬場次）,2021-09-05,東京,陶瓷器,模擬
SIM-2021-XLY-BRO-2,XLY,秋季 中國藝術珍品－青銅器專場（模擬場次）,2021-09-05,杭州,銅器,模擬
SIM-2021-YZH-BRO-2,YZH,秋季 中國藝術珍品－青銅器專場（模擬場次）,2021-09-12,台北,銅器,模擬
SIM-2021-BON-CER-2,BON,秋季 中國藝術珍品－瓷器專場（模擬場次）,2021-09-12,香港,陶瓷器,模擬
SIM-2021-BPL-CAL-2,BPL,秋季 中國書畫珍藏（模擬場次）,2021-09-18,北京,法書,模擬
SIM-2021-XLY-CER-2,XLY,秋季 中國藝術珍品－瓷器專場（模擬場次）,2021-09-18,杭州,陶瓷器,模擬
SIM-2021-DIT-JAD-2,DIT,秋季 韞玉生輝－中國古代玉器（模擬場次）,2021-09-25,台北,玉器,模擬
SIM-2021-PHK-JAD-2,PHK,秋季 瑰麗玉器與宮廷藝術（模擬場次）,2021-09-26,香港,玉器,模擬
SIM-2021-YIA-CAL-2,YIA,秋季 中國古代書法（模擬場次）,2021-09-26,橫濱,法書,模擬
SIM-2021-SOT-CAL-2,SOT,秋季 中國古代書法（模擬場次）,2021-09-26,香港,法書,模擬
SIM-2021-YON-BRO-2,YON,秋季 吉金永寶－重要青銅器（模擬場次）,2021-10-02,北京,銅器,模擬
SIM-2021-SOT-PAI-2,SOT,秋季 中國古代書畫（模擬場次）,2021-10-02,香港,繪畫,模擬
SIM-2021-DIT-PAI-2,DIT,秋季 中國近現代書畫（模擬場次）,2021-10-03,台北,繪畫,模擬
SIM-2021-DIT-BRO-2,DIT,秋季 吉金永寶－重要青銅器（模擬場次）,2021-10-09,台北,銅器,模擬
SIM-2021-CHR-JAD-2,CHR,秋季 韞玉生輝－中國古代玉器（模擬場次）,2021-10-10,香港,玉器,模擬
SIM-2021-YIA-CER-2,YIA,秋季 重要中國瓷器及工藝精品（模擬場次）,2021-10-10,橫濱,陶瓷器,模擬
SIM-2021-PHK-BRO-2,PHK,秋季 中國古代青銅器藝術（模擬場次）,2021-10-16,香港,銅器,模擬
SIM-2021-YIA-BRO-2,YIA,秋季 中國古代青銅器藝術（模擬場次）,2021-10-16,橫濱,銅器,模擬
SIM-2021-HYG-CAL-2,HYG,秋季 中國古代書法（模擬場次）,2021-10-16,廣州,法書,模擬
SIM-2021-HYG-PAI-2,HYG,秋季 中國古代書畫（模擬場次）,2021-10-16,廣州,繪畫,模擬
SIM-2021-PHK-PAI-2,PHK,秋季 中國古代書畫（模擬場次）,2021-10-17,香港,繪畫,模擬
SIM-2021-TCA-CAL-2,TCA,秋季 翰墨流芳－歷代法書（模擬場次）,2021-10-17,東京,法書,模擬
SIM-2021-TCA-CER-2,TCA,秋季 御窯菁華－中國古代陶瓷（模擬場次）,2021-10-17,東京,陶瓷器,模擬
SIM-2021-CGH-CAL-2,CGH,秋季 翰墨流芳－歷代法書（模擬場次）,2021-10-23,香港,法書,模擬
SIM-2021-BON-JAD-2,BON,秋季 中國藝術珍品－玉器專場（模擬場次）,2021-10-23,香港,玉器,模擬
SIM-2021-BPL-JAD-2,BPL,秋季 中國藝術珍品－玉器專場（模擬場次）,2021-10-24,北京,玉器,模擬
SIM-2021-YON-PAI-2,YON,秋季 中國近現代書畫（模擬場次）,2021-10-24,北京,繪畫,模擬
SIM-2021-HYG-BRO-2,HYG,秋季 中國古代青銅器藝術（模擬場次）,2021-10-24,廣州,銅器,模擬
SIM-2021-CHR-CER-2,CHR,秋季 御窯菁華－中國古代陶瓷（模擬場次）,2021-10-30,香港,陶瓷器,模擬
SIM-2021-YZH-PAI-2,YZH,秋季 翰墨丹青－中國繪畫專場（模擬場次）,2021-10-30,台北,繪畫,模擬
SIM-2021-CGD-CAL-2,CGD,秋季 中國古代書法（模擬場次）,2021-10-31,北京,法書,模擬
SIM-2021-CGD-CER-2,CGD,秋季 重要中國瓷器及工藝精品（模擬場次）,2021-11-06,北京,陶瓷器,模擬
SIM-2021-CGH-PAI-2,CGH,秋季 中國近現代書畫（模擬場次）,2021-11-06,香港,繪畫,模擬
SIM-2021-YZH-JAD-2,YZH,秋季 中國藝術珍品－玉器專場（模擬場次）,2021-11-06,台北,玉器,模擬
SIM-2021-TCA-BRO-2,TCA,秋季 吉金永寶－重要青銅器（模擬場次）,2021-11-06,東京,銅器,模擬
SIM-2021-TFA-JAD-2,TFA,秋季 中國藝術珍品－玉器專場（模擬場次）,2021-11-06,東京,玉器,模擬
SIM-2021-YON-CER-2,YON,秋季 御窯菁華－中國古代陶瓷（模擬場次）,2021-11-06,北京,陶瓷器,模擬
SIM-2021-DIT-CAL-2,DIT,秋季 翰墨流芳－歷代法書（模擬場次）,2021-11-07,台北,法書,模擬
SIM-2021-YIA-PAI-2,YIA,秋季 中國古代書畫（模擬場次）,2021-11-07,橫濱,繪畫,模擬
SIM-2021-HYG-JAD-2,HYG,秋季 瑰麗玉器與宮廷藝術（模擬場次）,2021-11-07,廣州,玉器,模擬
SIM-2021-CGD-PAI-2,CGD,秋季 中國古代書畫（模擬場次）,2021-11-13,北京,繪畫,模擬
SIM-2021-TFA-PAI-2,TFA,秋季 翰墨丹青－中國繪畫專場（模擬場次）,2021-11-13,東京,繪畫,模擬
SIM-2021-BPL-CER-2,BPL,秋季 中國藝術珍品－瓷器專場（模擬場次）,2021-11-14,北京,陶瓷器,模擬
SIM-2021-TCA-PAI-2,TCA,秋季 中國近現代書畫（模擬場次）,2021-11-20,東京,繪畫,模擬
SIM-2021-TFA-BRO-2,TFA,秋季 中國藝術珍品－青銅器專場（模擬場次）,2021-11-20,東京,銅器,模擬
SIM-2021-XLY-JAD-2,XLY,秋季 中國藝術珍品－玉器專場（模擬場次）,2021-11-20,杭州,玉器,模擬
SIM-2021-CGH-JAD-2,CGH,秋季 韞玉生輝－中國古代玉器（模擬場次）,2021-11-21,香港,玉器,模擬
SIM-2021-CHR-CAL-2,CHR,秋季 翰墨流芳－歷代法書（模擬場次）,2021-11-21,香港,法書,模擬
SIM-2021-BON-BRO-2,BON,秋季 中國藝術珍品－青銅器專場（模擬場次）,2021-11-21,香港,銅器,模擬
SIM-2021-CGH-BRO-2,CGH,秋季 吉金永寶－重要青銅器（模擬場次）,2021-11-28,香港,銅器,模擬
SIM-2021-CGH-CER-2,CGH,秋季 御窯菁華－中國古代陶瓷（模擬場次）,2021-11-28,香港,陶瓷器,模擬
SIM-2021-YIA-JAD-2,YIA,秋季 瑰麗玉器與宮廷藝術（模擬場次）,2021-11-28,橫濱,玉器,模擬
SIM-2021-YON-CAL-2,YON,秋季 翰墨流芳－歷代法書（模擬場次）,2021-11-28,北京,法書,模擬
SIM-2021-SOT-BRO-2,SOT,秋季 中國古代青銅器藝術（模擬場次）,2021-11-28,香港,銅器,模擬
SIM-2021-XLY-PAI-2,XLY,秋季 翰墨丹青－中國繪畫專場（模擬場次）,2021-11-28,杭州,繪畫,模擬
SIM-2021-CHR-PAI-2,CHR,秋季 中國近現代書畫（模擬場次）,2021-12-04,香港,繪畫,模擬
SIM-2021-BPL-BRO-2,BPL,秋季 中國藝術珍品－青銅器專場（模擬場次）,2021-12-04,北京,銅器,模擬
SIM-2021-BON-PAI-2,BON,秋季 翰墨丹青－中國繪畫專場（模擬場次）,2021-12-04,香港,繪畫,模擬
SIM-2021-CGD-JAD-2,CGD,秋季 瑰麗玉器與宮廷藝術（模擬場次）,2021-12-11,北京,玉器,模擬
SIM-2021-CGD-BRO-2,CGD,秋季 中國古代青銅器藝術（模擬場次）,2021-12-11,北京,銅器,模擬
SIM-2021-TCA-JAD-2,TCA,秋季 韞玉生輝－中國古代玉器（模擬場次）,2021-12-11,東京,玉器,模擬
SIM-2021-YZH-CER-2,YZH,秋季 中國藝術珍品－瓷器專場（模擬場次）,2021-12-18,台北,陶瓷器,模擬
SIM-2021-DIT-CER-2,DIT,秋季 御窯菁華－中國古代陶瓷（模擬場次）,2021-12-18,台北,陶瓷器,模擬
SIM-2021-XLY-CAL-2,XLY,秋季 中國書畫珍藏（模擬場次）,2021-12-18,杭州,法書,模擬
SIM-2021-CHR-BRO-2,CHR,秋季 吉金永寶－重要青銅器（模擬場次）,2021-12-19,香港,銅器,模擬
SIM-2021-PHK-CER-2,PHK,秋季 重要中國瓷器及工藝精品（模擬場次）,2021-12-19,香港,陶瓷器,模擬
SIM-2021-BON-CAL-2,BON,秋季 中國書畫珍藏（模擬場次）,2021-12-19,香港,法書,模擬
SIM-2021-YON-JAD-2,YON,秋季 韞玉生輝－中國古代玉器（模擬場次）,2021-12-25,北京,玉器,模擬
SIM-2021-BPL-PAI-2,BPL,秋季 翰墨丹青－中國繪畫專場（模擬場次）,2021-12-26,北京,繪畫,模擬
SIM-2021-HYG-CER-2,HYG,秋季 重要中國瓷器及工藝精品（模擬場次）,2021-12-26,廣州,陶瓷器,模擬
SIM-2021-SOT-JAD-2,SOT,秋季 瑰麗玉器與宮廷藝術（模擬場次）,2021-12-26,香港,玉器,模擬
SIM-2021-SOT-CER-2,SOT,秋季 重要中國瓷器及工藝精品（模擬場次）,2021-12-26,香港,陶瓷器,模擬
SIM-2022-BPL-CER-1,BPL,春季 中國藝術珍品－瓷器專場（模擬場次）,2022-03-05,北京,陶瓷器,模擬
SIM-2022-YON-CAL-1,YON,春季 翰墨流芳－歷代法書（模擬場次）,2022-03-06,北京,法書,模擬
SIM-2022-HYG-CAL-1,HYG,春季 中國古代書法（模擬場次）,2022-03-06,廣州,法書,模擬
SIM-2022-HYG-BRO-1,HYG,春季 中國古代青銅器藝術（模擬場次）,2022-03-06,廣州,銅器,模擬
SIM-2022-CHR-BRO-1,CHR,春季 吉金永寶－重要青銅器（模擬場次）,2022-03-12,香港,銅器,模擬
SIM-2022-YZH-PAI-1,YZH,春季 翰墨丹青－中國繪畫專場（模擬場次）,2022-03-12,台北,繪畫,模擬
SIM-2022-SOT-BRO-1,SOT,春季 中國古代青銅器藝術（模擬場次）,2022-03-13,香港,銅器,模擬
SIM-2022-CGD-CER-1,CGD,春季 重要中國瓷器及工藝精品（模擬場次）,2022-03-19,北京,陶瓷器,模擬
SIM-2022-TCA-CER-1,TCA,春季 御窯菁華－中國古代陶瓷（模擬場次）,2022-03-19,東京,陶瓷器,模擬
SIM-2022-BON-CER-1,BON,春季 中國藝術珍品－瓷器專場（模擬場次）,2022-03-20,香港,陶瓷器,模擬
SIM-2022-CGH-BRO-1,CGH,春季 吉金永寶－重要青銅器（模擬場次）,2022-03-27,香港,銅器,模擬
SIM-2022-YZH-CAL-1,YZH,春季 中國書畫珍藏（模擬場次）,2022-03-27,台北,法書,模擬
SIM-2022-TCA-BRO-1,TCA,春季 吉金永寶－重要青銅器（模擬場次）,2022-03-27,東京,銅器,模擬
SIM-2022-CGD-JAD-1,CGD,春季 瑰麗玉器與宮廷藝術（模擬場次）,2022-04-02,北京,玉器,模擬
SIM-2022-PHK-CAL-1,PHK,春季 中國古代書法（模擬場次）,2022-04-02,香港,法書,模擬
SIM-2022-PHK-PAI-1,PHK,春季 中國古代書畫（模擬場次）,2022-04-02,香港,繪畫,模擬
SIM-2022-YON-BRO-1,YON,春季 吉金永寶－重要青銅器（模擬場次）,2022-04-02,北京,銅器,模擬
SIM-2022-XLY-PAI-1,XLY,春季 翰墨丹青－中國繪畫專場（模擬場次）,2022-04-02,杭州,繪畫,模擬
SIM-2022-SOT-JAD-1,SOT,春季 瑰麗玉器與宮廷藝術（模擬場次）,2022-04-03,香港,玉器,模擬
SIM-2022-BPL-BRO-1,BPL,春季 中國藝術珍品－青銅器專場（模擬場次）,2022-04-09,北京,銅器,模擬
SIM-2022-BON-PAI-1,BON,春季 翰墨丹青－中國繪畫專場（模擬場次）,2022-04-09,香港,繪畫,模擬
SIM-2022-CGD-CAL-1,CGD,春季 中國古代書法（模擬場次）,2022-04-10,北京,法書,模擬
SIM-2022-YIA-BRO-1,YIA,春季 中國古代青銅器藝術（模擬場次）,2022-04-10,橫濱,銅器,模擬
SIM-2022-XLY-CAL-1,XLY,春季 中國書畫珍藏（模擬場次）,2022-04-16,杭州,法書,模擬
SIM-2022-BON-CAL-1,BON,春季 中國書畫珍藏（模擬場次）,2022-04-17,香港,法書,模擬
SIM-2022-CGH-CAL-1,CGH,春季 翰墨流芳－歷代法書（模擬場次）,2022-04-23,香港,法書,模擬
SIM-2022-YON-JAD-1,YON,春季 韞玉生輝－中國古代玉器（模擬場次）,2022-04-23,北京,玉器,模擬
SIM-2022-XLY-JAD-1,XLY,春季 中國藝術珍品－玉器專場（模擬場次）,2022-04-23,杭州,玉器,模擬
SIM-2022-CGH-CER-1,CGH,春季 御窯菁華－中國古代陶瓷（模擬場次）,2022-04-24,香港,陶瓷器,模擬
SIM-2022-DIT-JAD-1,DIT,春季 韞玉生輝－中國古代玉器（模擬場次）,2022-04-24,台北,玉器,模擬
SIM-2022-CHR-CER-1,CHR,春季 御窯菁華－中國古代陶瓷（模擬場次）,2022-05-01,香港,陶瓷器,模擬
SIM-2022-YZH-JAD-1,YZH,春季 中國藝術珍品－玉器專場（模擬場次）,2022-05-01,台北,玉器,模擬
SIM-2022-SOT-PAI-1,SOT,春季 中國古代書畫（模擬場次）,2022-05-01,香港,繪畫,模擬
SIM-2022-CGD-PAI-1,CGD,春季 中國古代書畫（模擬場次）,2022-05-07,北京,繪畫,模擬
SIM-2022-CGH-PAI-1,CGH,春季 中國近現代書畫（模擬場次）,2022-05-07,香港,繪畫,模擬
SIM-2022-TFA-BRO-1,TFA,春季 中國藝術珍品－青銅器專場（模擬場次）,2022-05-07,東京,銅器,模擬
SIM-2022-YIA-JAD-1,YIA,春季 瑰麗玉器與宮廷藝術（模擬場次）,2022-05-07,橫濱,玉器,模擬
SIM-2022-DIT-CAL-1,DIT,春季 翰墨流芳－歷代法書（模擬場次）,2022-05-08,台北,法書,模擬
SIM-2022-TFA-PAI-1,TFA,春季 翰墨丹青－中國繪畫專場（模擬場次）,2022-05-08,東京,繪畫,模擬
SIM-2022-YIA-CAL-1,YIA,春季 中國古代書法（模擬場次）,2022-05-08,橫濱,法書,模擬
SIM-2022-BON-BRO-1,BON,春季 中國藝術珍品－青銅器專場（模擬場次）,2022-05-08,香港,銅器,模擬
SIM-2022-TCA-JAD-1,TCA,春季 韞玉生輝－中國古代玉器（模擬場次）,2022-05-14,東京,玉器,模擬
SIM-2022-YIA-CER-1,YIA,春季 重要中國瓷器及工藝精品（模擬場次）,2022-05-14,橫濱,陶瓷器,模擬
SIM-2022-YZH-CER-1,YZH,春季 中國藝術珍品－瓷器專場（模擬場次）,2022-05-15,台北,陶瓷器,模擬
SIM-2022-CHR-JAD-1,CHR,春季 韞玉生輝－中國古代玉器（模擬場次）,2022-05-21,香港,玉器,模擬
SIM-2022-PHK-JAD-1,PHK,春季 瑰麗玉器與宮廷藝術（模擬場次）,2022-05-21,香港,玉器,模擬
SIM-2022-PHK-CER-1,PHK,春季 重要中國瓷器及工藝精品（模擬場次）,2022-05-21,香港,陶瓷器,模擬
SIM-2022-DIT-PAI-1,DIT,春季 中國近現代書畫（模擬場次）,2022-05-21,台北,繪畫,模擬
SIM-2022-DIT-BRO-1,DIT,春季 吉金永寶－重要青銅器（模擬場次）,2022-05-21,台北,銅器,模擬
SIM-2022-YIA-PAI-1,YIA,春季 中國古代書畫（模擬場次）,2022-05-21,橫濱,繪畫,模擬
SIM-2022-HYG-CER-1,HYG,春季 重要中國瓷器及工藝精品（模擬場次）,2022-05-21,廣州,陶瓷器,模擬
SIM-2022-YON-CER-1,YON,春季 御窯菁華－中國古代陶瓷（模擬場次）,2022-05-22,北京,陶瓷器,模擬
SIM-2022-HYG-JAD-1,HYG,春季 瑰麗玉器與宮廷藝術（模擬場次）,2022-05-22,廣州,玉器,模擬
SIM-2022-XLY-BRO-1,XLY,春季 中國藝術珍品－青銅器專場（模擬場次）,2022-05-22,杭州,銅器,模擬
SIM-2022-BPL-CAL-1,BPL,春季 中國書畫珍藏（模擬場次）,2022-05-28,北京,法書,模擬
SIM-2022-BPL-JAD-1,BPL,春季 中國藝術珍品－玉器專場（模擬場次）,2022-05-28,北京,玉器,模擬
SIM-2022-DIT-CER-1,DIT,春季 御窯菁華－中國古代陶瓷（模擬場次）,2022-05-28,台北,陶瓷器,模擬
SIM-2022-BPL-PAI-1,BPL,春季 翰墨丹青－中國繪畫專場（模擬場次）,2022-05-29,北京,繪畫,模擬
SIM-2022-TFA-CER-1,TFA,春季 中國藝術珍品－瓷器專場（模擬場次）,2022-05-29,東京,陶瓷器,模擬
SIM-2022-SOT-CAL-1,SOT,春季 中國古代書法（模擬場次）,2022-05-29,香港,法書,模擬
SIM-2022-XLY-CER-1,XLY,春季 中國藝術珍品－瓷器專場（模擬場次）,2022-05-29,杭州,陶瓷器,模擬
SIM-2022-YZH-BRO-1,YZH,春季 中國藝術珍品－青銅器專場（模擬場次）,2022-06-04,台北,銅器,模擬
SIM-2022-TCA-CAL-1,TCA,春季 翰墨流芳－歷代法書（模擬場次）,2022-06-04,東京,法書,模擬
SIM-2022-TFA-CAL-1,TFA,春季 中國書畫珍藏（模擬場次）,2022-06-04,東京,法書,模擬
SIM-2022-HYG-PAI-1,HYG,春季 中國古代書畫（模擬場次）,2022-06-04,廣州,繪畫,模擬
SIM-2022-SOT-CER-1,SOT,春季 重要中國瓷器及工藝精品（模擬場次）,2022-06-05,香港,陶瓷器,模擬
SIM-2022-CGD-BRO-1,CGD,春季 中國古代青銅器藝術（模擬場次）,2022-06-11,北京,銅器,模擬
SIM-2022-CGH-JAD-1,CGH,春季 韞玉生輝－中國古代玉器（模擬場次）,2022-06-12,香港,玉器,模擬
SIM-2022-CHR-CAL-1,CHR,春季 翰墨流芳－歷代法書（模擬場次）,2022-06-12,香港,法書,模擬
SIM-2022-BON-JAD-1,BON,春季 中國藝術珍品－玉器專場（模擬場次）,2022-06-12,香港,玉器,模擬
SIM-2022-TCA-PAI-1,TCA,春季 中國近現代書畫（模擬場次）,2022-06-18,東京,繪畫,模擬
SIM-2022-CHR-PAI-1,CHR,春季 中國近現代書畫（模擬場次）,2022-06-19,香港,繪畫,模擬
SIM-2022-PHK-BRO-1,PHK,春季 中國古代青銅器藝術（模擬場次）,2022-06-19,香港,銅器,模擬
SIM-2022-TFA-JAD-1,TFA,春季 中國藝術珍品－玉器專場（模擬場次）,2022-06-26,東京,玉器,模擬
SIM-2022-YON-PAI-1,YON,春季 中國近現代書畫（模擬場次）,2022-06-26,北京,繪畫,模擬
SIM-2022-CGH-CAL-2,CGH,秋季 中國書畫珍藏（模擬場次）,2022-09-03,香港,法書,模擬
SIM-2022-YIA-CER-2,YIA,秋季 御窯菁華－中國古代陶瓷（模擬場次）,2022-09-04,橫濱,陶瓷器,模擬
SIM-2022-YON-PAI-2,YON,秋季 翰墨丹青－中國繪畫專場（模擬場次）,2022-09-04,北京,繪畫,模擬
SIM-2022-PHK-BRO-2,PHK,秋季 吉金永寶－重要青銅器（模擬場次）,2022-09-10,香港,銅器,模擬
SIM-2022-HYG-BRO-2,HYG,秋季 吉金永寶－重要青銅器（模擬場次）,2022-09-10,廣州,銅器,模擬
SIM-2022-TFA-JAD-2,TFA,秋季 瑰麗玉器與宮廷藝術（模擬場次）,2022-09-11,東京,玉器,模擬
SIM-2022-DIT-BRO-2,DIT,秋季 中國藝術珍品－青銅器專場（模擬場次）,2022-09-17,台北,銅器,模擬
SIM-2022-HYG-JAD-2,HYG,秋季 韞玉生輝－中國古代玉器（模擬場次）,2022-09-17,廣州,玉器,模擬
SIM-2022-XLY-PAI-2,XLY,秋季 中國古代書畫（模擬場次）,2022-09-17,杭州,繪畫,模擬
SIM-2022-CGH-JAD-2,CGH,秋季 中國藝術珍品－玉器專場（模擬場次）,2022-09-18,香港,玉器,模擬
SIM-2022-DIT-PAI-2,DIT,秋季 翰墨丹青－中國繪畫專場（模擬場次）,2022-09-18,台北,繪畫,模擬
SIM-2022-TFA-CAL-2,TFA,秋季 中國古代書法（模擬場次）,2022-09-24,東京,法書,模擬
SIM-2022-BON-CAL-2,BON,秋季 中國古代書法（模擬場次）,2022-09-24,香港,法書,模擬
SIM-2022-CGD-CAL-2,CGD,秋季 翰墨流芳－歷代法書（模擬場次）,2022-09-25,北京,法書,模擬
SIM-2022-CHR-CAL-2,CHR,秋季 中國書畫珍藏（模擬場次）,2022-09-25,香港,法書,模擬
SIM-2022-TCA-PAI-2,TCA,秋季 翰墨丹青－中國繪畫專場（模擬場次）,2022-09-25,東京,繪畫,模擬
SIM-2022-YIA-PAI-2,YIA,秋季 中國近現代書畫（模擬場次）,2022-10-01,橫濱,繪畫,模擬
SIM-2022-XLY-CER-2,XLY,秋季 重要中國瓷器及工藝精品（模擬場次）,2022-10-01,杭州,陶瓷器,模擬
SIM-2022-PHK-JAD-2,PHK,秋季 韞玉生輝－中國古代玉器（模擬場次）,2022-10-02,香港,玉器,模擬
SIM-2022-YON-BRO-2,YON,秋季 中國藝術珍品－青銅器專場（模擬場次）,2022-10-02,北京,銅器,模擬
SIM-2022-XLY-JAD-2,XLY,秋季 瑰麗玉器與宮廷藝術（模擬場次）,2022-10-02,杭州,玉器,模擬
SIM-2022-HYG-PAI-2,HYG,秋季 中國近現代書畫（模擬場次）,2022-10-08,廣州,繪畫,模擬
SIM-2022-SOT-CER-2,SOT,秋季 御窯菁華－中國古代陶瓷（模擬場次）,2022-10-08,香港,陶瓷器,模擬
SIM-2022-BON-JAD-2,BON,秋季 瑰麗玉器與宮廷藝術（模擬場次）,2022-10-08,香港,玉器,模擬
SIM-2022-CGD-JAD-2,CGD,秋季 韞玉生輝－中國古代玉器（模擬場次）,2022-10-09,北京,玉器,模擬
SIM-2022-TCA-BRO-2,TCA,秋季 中國藝術珍品－青銅器專場（模擬場次）,2022-10-09,東京,銅器,模擬
SIM-2022-YZH-JAD-2,YZH,秋季 瑰麗玉器與宮廷藝術（模擬場次）,2022-10-15,台北,玉器,模擬
SIM-2022-SOT-BRO-2,SOT,秋季 吉金永寶－重要青銅器（模擬場次）,2022-10-15,香港,銅器,模擬
SIM-2022-CHR-JAD-2,CHR,秋季 中國藝術珍品－玉器專場（模擬場次）,2022-10-22,香港,玉器,模擬
SIM-2022-PHK-PAI-2,PHK,秋季 中國近現代書畫（模擬場次）,2022-10-22,香港,繪畫,模擬
SIM-2022-TFA-PAI-2,TFA,秋季 中國古代書畫（模擬場次）,2022-10-23,東京,繪畫,模擬
SIM-2022-XLY-CAL-2,XLY,秋季 中國古代書法（模擬場次）,2022-10-23,杭州,法書,模擬
SIM-2022-CGH-PAI-2,CGH,秋季 翰墨丹青－中國繪畫專場（模擬場次）,2022-10-29,香港,繪畫,模擬
SIM-2022-CGH-CER-2,CGH,秋季 中國藝術珍品－瓷器專場（模擬場次）,2022-10-29,香港,陶瓷器,模擬
SIM-2022-BPL-JAD-2,BPL,秋季 瑰麗玉器與宮廷藝術（模擬場次）,2022-10-29,北京,玉器,模擬
SIM-2022-CHR-CER-2,CHR,秋季 中國藝術珍品－瓷器專場（模擬場次）,2022-10-30,香港,陶瓷器,模擬
SIM-2022-BPL-PAI-2,BPL,秋季 中國古代書畫（模擬場次）,2022-10-30,北京,繪畫,模擬
SIM-2022-YZH-BRO-2,YZH,秋季 中國古代青銅器藝術（模擬場次）,2022-10-30,台北,銅器,模擬
SIM-2022-CHR-BRO-2,CHR,秋季 中國藝術珍品－青銅器專場（模擬場次）,2022-11-05,香港,銅器,模擬
SIM-2022-SOT-CAL-2,SOT,秋季 翰墨流芳－歷代法書（模擬場次）,2022-11-05,香港,法書,模擬
SIM-2022-CGD-BRO-2,CGD,秋季 吉金永寶－重要青銅器（模擬場次）,2022-11-06,北京,銅器,模擬
SIM-2022-YZH-CER-2,YZH,秋季 重要中國瓷器及工藝精品（模擬場次）,2022-11-06,台北,陶瓷器,模擬
SIM-2022-YIA-CAL-2,YIA,秋季 翰墨流芳－歷代法書（模擬場次）,2022-11-06,橫濱,法書,模擬
SIM-2022-YON-CER-2,YON,秋季 中國藝術珍品－瓷器專場（模擬場次）,2022-11-06,北京,陶瓷器,模擬
SIM-2022-HYG-CAL-2,HYG,秋季 翰墨流芳－歷代法書（模擬場次）,2022-11-06,廣州,法書,模擬
SIM-2022-BON-PAI-2,BON,秋季 中國古代書畫（模擬場次）,2022-11-06,香港,繪畫,模擬
SIM-2022-CGD-PAI-2,CGD,秋季 中國近現代書畫（模擬場次）,2022-11-12,北京,繪畫,模擬
SIM-2022-BPL-BRO-2,BPL,秋季 中國古代青銅器藝術（模擬場次）,2022-11-12,北京,銅器,模擬
SIM-2022-YIA-JAD-2,YIA,秋季 韞玉生輝－中國古代玉器（模擬場次）,2022-11-12,橫濱,玉器,模擬
SIM-2022-CGH-BRO-2,CGH,秋季 中國藝術珍品－青銅器專場（模擬場次）,2022-11-13,香港,銅器,模擬
SIM-2022-DIT-JAD-2,DIT,秋季 中國藝術珍品－玉器專場（模擬場次）,2022-11-13,台北,玉器,模擬
SIM-2022-YIA-BRO-2,YIA,秋季 吉金永寶－重要青銅器（模擬場次）,2022-11-19,橫濱,銅器,模擬
SIM-2022-CGD-CER-2,CGD,秋季 御窯菁華－中國古代陶瓷（模擬場次）,2022-11-26,北京,陶瓷器,模擬
SIM-2022-DIT-CAL-2,DIT,秋季 中國書畫珍藏（模擬場次）,2022-11-26,台北,法書,模擬
SIM-2022-YZH-CAL-2,YZH,秋季 中國古代書法（模擬場次）,2022-11-27,台北,法書,模擬
SIM-2022-SOT-PAI-2,SOT,秋季 中國近現代書畫（模擬場次）,2022-11-27,香港,繪畫,模擬
SIM-2022-SOT-JAD-2,SOT,秋季 韞玉生輝－中國古代玉器（模擬場次）,2022-12-03,香港,玉器,模擬
SIM-2022-BPL-CER-2,BPL,秋季 重要中國瓷器及工藝精品（模擬場次）,2022-12-04,北京,陶瓷器,模擬
SIM-2022-YON-JAD-2,YON,秋季 中國藝術珍品－玉器專場（模擬場次）,2022-12-04,北京,玉器,模擬
SIM-2022-XLY-BRO-2,XLY,秋季 中國古代青銅器藝術（模擬場次）,2022-12-04,杭州,銅器,模擬
SIM-2022-BPL-CAL-2,BPL,秋季 中國古代書法（模擬場次）,2022-12-11,北京,法書,模擬
SIM-2022-PHK-CAL-2,PHK,秋季 翰墨流芳－歷代法書（模擬場次）,2022-12-17,香港,法書,模擬
SIM-2022-TFA-CER-2,TFA,秋季 重要中國瓷器及工藝精品（模擬場次）,2022-12-17,東京,陶瓷器,模擬
SIM-2022-BON-BRO-2,BON,秋季 中國古代青銅器藝術（模擬場次）,2022-12-17,香港,銅器,模擬
SIM-2022-BON-CER-2,BON,秋季 重要中國瓷器及工藝精品（模擬場次）,2022-12-17,香港,陶瓷器,模擬
SIM-2022-YZH-PAI-2,YZH,秋季 中國古代書畫（模擬場次）,2022-12-18,台北,繪畫,模擬
SIM-2022-CHR-PAI-2,CHR,秋季 翰墨丹青－中國繪畫專場（模擬場次）,2022-12-24,香港,繪畫,模擬
SIM-2022-TCA-JAD-2,TCA,秋季 中國藝術珍品－玉器專場（模擬場次）,2022-12-24,東京,玉器,模擬
SIM-2022-TFA-BRO-2,TFA,秋季 中國古代青銅器藝術（模擬場次）,2022-12-24,東京,銅器,模擬
SIM-2022-HYG-CER-2,HYG,秋季 御窯菁華－中國古代陶瓷（模擬場次）,2022-12-24,廣州,陶瓷器,模擬
SIM-2022-TCA-CER-2,TCA,秋季 中國藝術珍品－瓷器專場（模擬場次）,2022-12-25,東京,陶瓷器,模擬
SIM-2022-PHK-CER-2,PHK,秋季 御窯菁華－中國古代陶瓷（模擬場次）,2022-12-31,香港,陶瓷器,模擬
SIM-2022-DIT-CER-2,DIT,秋季 中國藝術珍品－瓷器專場（模擬場次）,2022-12-31,台北,陶瓷器,模擬
SIM-2022-TCA-CAL-2,TCA,秋季 中國書畫珍藏（模擬場次）,2022-12-31,東京,法書,模擬
SIM-2022-YON-CAL-2,YON,秋季 中國書畫珍藏（模擬場次）,2022-12-31,北京,法書,模擬
SIM-2023-CHR-BRO-1,CHR,春季 中國藝術珍品－青銅器專場（模擬場次）,2023-03-04,香港,銅器,模擬
SIM-2023-PHK-CER-1,PHK,春季 御窯菁華－中國古代陶瓷（模擬場次）,2023-03-04,香港,陶瓷器,模擬
SIM-2023-BPL-PAI-1,BPL,春季 中國古代書畫（模擬場次）,2023-03-04,北京,繪畫,模擬
SIM-2023-BPL-BRO-1,BPL,春季 中國古代青銅器藝術（模擬場次）,2023-03-05,北京,銅器,模擬
SIM-2023-YON-BRO-1,YON,春季 中國藝術珍品－青銅器專場（模擬場次）,2023-03-05,北京,銅器,模擬
SIM-2023-XLY-JAD-1,XLY,春季 瑰麗玉器與宮廷藝術（模擬場次）,2023-03-05,杭州,玉器,模擬
SIM-2023-CHR-CAL-1,CHR,春季 中國書畫珍藏（模擬場次）,2023-03-11,香港,法書,模擬
SIM-2023-HYG-CER-1,HYG,春季 御窯菁華－中國古代陶瓷（模擬場次）,2023-03-11,廣州,陶瓷器,模擬
SIM-2023-CGH-CAL-1,CGH,春季 中國書畫珍藏（模擬場次）,2023-03-12,香港,法書,模擬
SIM-2023-DIT-BRO-1,DIT,春季 中國藝術珍品－青銅器專場（模擬場次）,2023-03-12,台北,銅器,模擬
SIM-2023-TCA-BRO-1,TCA,春季 中國藝術珍品－青銅器專場（模擬場次）,2023-03-12,東京,銅器,模擬
SIM-2023-SOT-PAI-1,SOT,春季 中國近現代書畫（模擬場次）,2023-03-12,香港,繪畫,模擬
SIM-2023-XLY-PAI-1,XLY,春季 中國古代書畫（模擬場次）,2023-03-12,杭州,繪畫,模擬
SIM-2023-CHR-CER-1,CHR,春季 中國藝術珍品－瓷器專場（模擬場次）,2023-03-18,香港,陶瓷器,模擬
SIM-2023-YON-JAD-1,YON,春季 中國藝術珍品－玉器專場（模擬場次）,2023-03-19,北京,玉器,模擬
SIM-2023-BON-JAD-1,BON,春季 瑰麗玉器與宮廷藝術（模擬場次）,2023-03-19,香港,玉器,模擬
SIM-2023-CGD-CER-1,CGD,春季 御窯菁華－中國古代陶瓷（模擬場次）,2023-03-25,北京,陶瓷器,模擬
SIM-2023-CGD-BRO-1,CGD,春季 吉金永寶－重要青銅器（模擬場次）,2023-03-26,北京,銅器,模擬
SIM-2023-YIA-PAI-1,YIA,春季 中國近現代書畫（模擬場次）,2023-04-01,橫濱,繪畫,模擬
SIM-2023-PHK-PAI-1,PHK,春季 中國近現代書畫（模擬場次）,2023-04-02,香港,繪畫,模擬
SIM-2023-TFA-PAI-1,TFA,春季 中國古代書畫（模擬場次）,2023-04-02,東京,繪畫,模擬
SIM-2023-YON-CAL-1,YON,春季 中國書畫珍藏（模擬場次）,2023-04-02,北京,法書,模擬
SIM-2023-BON-BRO-1,BON,春季 中國古代青銅器藝術（模擬場次）,2023-04-02,香港,銅器,模擬
SIM-2023-CGH-JAD-1,CGH,春季 中國藝術珍品－玉器專場（模擬場次）,2023-04-08,香港,玉器,模擬
SIM-2023-SOT-CAL-1,SOT,春季 翰墨流芳－歷代法書（模擬場次）,2023-04-08,香港,法書,模擬
SIM-2023-SOT-JAD-1,SOT,春季 韞玉生輝－中國古代玉器（模擬場次）,2023-04-08,香港,玉器,模擬
SIM-2023-XLY-BRO-1,XLY,春季 中國古代青銅器藝術（模擬場次）,2023-04-08,杭州,銅器,模擬
SIM-2023-BON-CER-1,BON,春季 重要中國瓷器及工藝精品（模擬場次）,2023-04-08,香港,陶瓷器,模擬
SIM-2023-CHR-JAD-1,CHR,春季 中國藝術珍品－玉器專場（模擬場次）,2023-04-09,香港,玉器,模擬
SIM-2023-SOT-CER-1,SOT,春季 御窯菁華－中國古代陶瓷（模擬場次）,2023-04-09,香港,陶瓷器,模擬
SIM-2023-BON-CAL-1,BON,春季 中國古代書法（模擬場次）,2023-04-09,香港,法書,模擬
SIM-2023-DIT-CER-1,DIT,春季 中國藝術珍品－瓷器專場（模擬場次）,2023-04-16,台北,陶瓷器,模擬
SIM-2023-PHK-CAL-1,PHK,春季 翰墨流芳－歷代法書（模擬場次）,2023-04-22,香港,法書,模擬
SIM-2023-YZH-CAL-1,YZH,春季 中國古代書法（模擬場次）,2023-04-22,台北,法書,模擬
SIM-2023-YZH-PAI-1,YZH,春季 中國古代書畫（模擬場次）,2023-04-22,台北,繪畫,模擬
SIM-2023-DIT-JAD-1,DIT,春季 中國藝術珍品－玉器專場（模擬場次）,2023-04-23,台北,玉器,模擬
SIM-2023-TCA-CER-1,TCA,春季 中國藝術珍品－瓷器專場（模擬場次）,2023-04-23,東京,陶瓷器,模擬
SIM-2023-YIA-JAD-1,YIA,春季 韞玉生輝－中國古代玉器（模擬場次）,2023-04-23,橫濱,玉器,模擬
SIM-2023-TCA-JAD-1,TCA,春季 中國藝術珍品－玉器專場（模擬場次）,2023-04-29,東京,玉器,模擬
SIM-2023-XLY-CAL-1,XLY,春季 中國古代書法（模擬場次）,2023-04-29,杭州,法書,模擬
SIM-2023-XLY-CER-1,XLY,春季 重要中國瓷器及工藝精品（模擬場次）,2023-04-29,杭州,陶瓷器,模擬
SIM-2023-CGD-JAD-1,CGD,春季 韞玉生輝－中國古代玉器（模擬場次）,2023-04-30,北京,玉器,模擬
SIM-2023-CHR-PAI-1,CHR,春季 翰墨丹青－中國繪畫專場（模擬場次）,2023-04-30,香港,繪畫,模擬
SIM-2023-YZH-CER-1,YZH,春季 重要中國瓷器及工藝精品（模擬場次）,2023-04-30,台北,陶瓷器,模擬
SIM-2023-TFA-CAL-1,TFA,春季 中國古代書法（模擬場次）,2023-04-30,東京,法書,模擬
SIM-2023-TFA-JAD-1,TFA,春季 瑰麗玉器與宮廷藝術（模擬場次）,2023-04-30,東京,玉器,模擬
SIM-2023-HYG-BRO-1,HYG,春季 吉金永寶－重要青銅器（模擬場次）,2023-04-30,廣州,銅器,模擬
SIM-2023-HYG-JAD-1,HYG,春季 韞玉生輝－中國古代玉器（模擬場次）,2023-05-06,廣州,玉器,模擬
SIM-2023-CGH-PAI-1,CGH,春季 翰墨丹青－中國繪畫專場（模擬場次）,2023-05-07,香港,繪畫,模擬
SIM-2023-BPL-JAD-1,BPL,春季 瑰麗玉器與宮廷藝術（模擬場次）,2023-05-07,北京,玉器,模擬
SIM-2023-HYG-CAL-1,HYG,春季 翰墨流芳－歷代法書（模擬場次）,2023-05-20,廣州,法書,模擬
SIM-2023-SOT-BRO-1,SOT,春季 吉金永寶－重要青銅器（模擬場次）,2023-05-20,香港,銅器,模擬
SIM-2023-CGH-CER-1,CGH,春季 中國藝術珍品－瓷器專場（模擬場次）,2023-05-21,香港,陶瓷器,模擬
SIM-2023-YON-PAI-1,YON,春季 翰墨丹青－中國繪畫專場（模擬場次）,2023-05-21,北京,繪畫,模擬
SIM-2023-BPL-CAL-1,BPL,春季 中國古代書法（模擬場次）,2023-05-27,北京,法書,模擬
SIM-2023-DIT-PAI-1,DIT,春季 翰墨丹青－中國繪畫專場（模擬場次）,2023-05-27,台北,繪畫,模擬
SIM-2023-TFA-CER-1,TFA,春季 重要中國瓷器及工藝精品（模擬場次）,2023-05-27,東京,陶瓷器,模擬
SIM-2023-BPL-CER-1,BPL,春季 重要中國瓷器及工藝精品（模擬場次）,2023-05-28,北京,陶瓷器,模擬
SIM-2023-YZH-JAD-1,YZH,春季 瑰麗玉器與宮廷藝術（模擬場次）,2023-06-03,台北,玉器,模擬
SIM-2023-DIT-CAL-1,DIT,春季 中國書畫珍藏（模擬場次）,2023-06-03,台北,法書,模擬
SIM-2023-CGD-PAI-1,CGD,春季 中國近現代書畫（模擬場次）,2023-06-04,北京,繪畫,模擬
SIM-2023-PHK-JAD-1,PHK,春季 韞玉生輝－中國古代玉器（模擬場次）,2023-06-04,香港,玉器,模擬
SIM-2023-CGH-BRO-1,CGH,春季 中國藝術珍品－青銅器專場（模擬場次）,2023-06-10,香港,銅器,模擬
SIM-2023-PHK-BRO-1,PHK,春季 吉金永寶－重要青銅器（模擬場次）,2023-06-10,香港,銅器,模擬
SIM-2023-CGD-CAL-1,CGD,春季 翰墨流芳－歷代法書（模擬場次）,2023-06-11,北京,法書,模擬
SIM-2023-YZH-BRO-1,YZH,春季 中國古代青銅器藝術（模擬場次）,2023-06-11,台北,銅器,模擬
SIM-2023-TCA-CAL-1,TCA,春季 中國書畫珍藏（模擬場次）,2023-06-11,東京,法書,模擬
SIM-2023-TFA-BRO-1,TFA,春季 中國古代青銅器藝術（模擬場次）,2023-06-11,東京,銅器,模擬
SIM-2023-BON-PAI-1,BON,春季 中國古代書畫（模擬場次）,2023-06-11,香港,繪畫,模擬
SIM-2023-TCA-PAI-1,TCA,春季 翰墨丹青－中國繪畫專場（模擬場次）,2023-06-17,東京,繪畫,模擬
SIM-2023-YON-CER-1,YON,春季 中國藝術珍品－瓷器專場（模擬場次）,2023-06-17,北京,陶瓷器,模擬
SIM-2023-YIA-CAL-1,YIA,春季 翰墨流芳－歷代法書（模擬場次）,2023-06-18,橫濱,法書,模擬
SIM-2023-YIA-BRO-1,YIA,春季 吉金永寶－重要青銅器（模擬場次）,2023-06-18,橫濱,銅器,模擬
SIM-2023-HYG-PAI-1,HYG,春季 中國近現代書畫（模擬場次）,2023-06-18,廣州,繪畫,模擬
SIM-2023-YIA-CER-1,YIA,春季 御窯菁華－中國古代陶瓷（模擬場次）,2023-06-25,橫濱,陶瓷器,模擬
SIM-2023-XLY-PAI-2,XLY,秋季 中國近現代書畫（模擬場次）,2023-09-02,杭州,繪畫,模擬
SIM-2023-BON-JAD-2,BON,秋季 韞玉生輝－中國古代玉器（模擬場次）,2023-09-02,香港,玉器,模擬
SIM-2023-CHR-CER-2,CHR,秋季 重要中國瓷器及工藝精品（模擬場次）,2023-09-03,香港,陶瓷器,模擬
SIM-2023-YON-CAL-2,YON,秋季 中國古代書法（模擬場次）,2023-09-03,北京,法書,模擬
SIM-2023-BPL-CAL-2,BPL,秋季 翰墨流芳－歷代法書（模擬場次）,2023-09-09,北京,法書,模擬
SIM-2023-YZH-JAD-2,YZH,秋季 韞玉生輝－中國古代玉器（模擬場次）,2023-09-09,台北,玉器,模擬
SIM-2023-DIT-CER-2,DIT,秋季 重要中國瓷器及工藝精品（模擬場次）,2023-09-10,台北,陶瓷器,模擬
SIM-2023-CGD-JAD-2,CGD,秋季 中國藝術珍品－玉器專場（模擬場次）,2023-09-16,北京,玉器,模擬
SIM-2023-TCA-JAD-2,TCA,秋季 瑰麗玉器與宮廷藝術（模擬場次）,2023-09-16,東京,玉器,模擬
SIM-2023-TFA-CAL-2,TFA,秋季 翰墨流芳－歷代法書（模擬場次）,2023-09-17,東京,法書,模擬
SIM-2023-SOT-CAL-2,SOT,秋季 中國書畫珍藏（模擬場次）,2023-09-17,香港,法書,模擬
SIM-2023-TFA-PAI-2,TFA,秋季 中國近現代書畫（模擬場次）,2023-09-23,東京,繪畫,模擬
SIM-2023-CHR-JAD-2,CHR,秋季 瑰麗玉器與宮廷藝術（模擬場次）,2023-09-24,香港,玉器,模擬
SIM-2023-YZH-CER-2,YZH,秋季 御窯菁華－中國古代陶瓷（模擬場次）,2023-09-24,台北,陶瓷器,模擬
SIM-2023-HYG-JAD-2,HYG,秋季 中國藝術珍品－玉器專場（模擬場次）,2023-09-24,廣州,玉器,模擬
SIM-2023-HYG-CER-2,HYG,秋季 中國藝術珍品－瓷器專場（模擬場次）,2023-09-24,廣州,陶瓷器,模擬
SIM-2023-SOT-CER-2,SOT,秋季 中國藝術珍品－瓷器專場（模擬場次）,2023-09-24,香港,陶瓷器,模擬
SIM-2023-BON-CAL-2,BON,秋季 翰墨流芳－歷代法書（模擬場次）,2023-09-24,香港,法書,模擬
SIM-2023-BPL-BRO-2,BPL,秋季 吉金永寶－重要青銅器（模擬場次）,2023-09-30,北京,銅器,模擬
SIM-2023-CGH-CER-2,CGH,秋季 重要中國瓷器及工藝精品（模擬場次）,2023-10-01,香港,陶瓷器,模擬
SIM-2023-HYG-BRO-2,HYG,秋季 中國藝術珍品－青銅器專場（模擬場次）,2023-10-01,廣州,銅器,模擬
SIM-2023-XLY-BRO-2,XLY,秋季 吉金永寶－重要青銅器（模擬場次）,2023-10-01,杭州,銅器,模擬
SIM-2023-TCA-CER-2,TCA,秋季 重要中國瓷器及工藝精品（模擬場次）,2023-10-07,東京,陶瓷器,模擬
SIM-2023-CHR-BRO-2,CHR,秋季 中國古代青銅器藝術（模擬場次）,2023-10-08,香港,銅器,模擬
SIM-2023-BON-CER-2,BON,秋季 御窯菁華－中國古代陶瓷（模擬場次）,2023-10-08,香港,陶瓷器,模擬
SIM-2023-PHK-PAI-2,PHK,秋季 翰墨丹青－中國繪畫專場（模擬場次）,2023-10-14,香港,繪畫,模擬
SIM-2023-DIT-JAD-2,DIT,秋季 瑰麗玉器與宮廷藝術（模擬場次）,2023-10-14,台北,玉器,模擬
SIM-2023-TFA-JAD-2,TFA,秋季 韞玉生輝－中國古代玉器（模擬場次）,2023-10-15,東京,玉器,模擬
SIM-2023-TFA-BRO-2,TFA,秋季 吉金永寶－重要青銅器（模擬場次）,2023-10-15,東京,銅器,模擬
SIM-2023-SOT-PAI-2,SOT,秋季 翰墨丹青－中國繪畫專場（模擬場次）,2023-10-15,香港,繪畫,模擬
SIM-2023-PHK-JAD-2,PHK,秋季 中國藝術珍品－玉器專場（模擬場次）,2023-10-28,香港,玉器,模擬
SIM-2023-BPL-CER-2,BPL,秋季 御窯菁華－中國古代陶瓷（模擬場次）,2023-10-28,北京,陶瓷器,模擬
SIM-2023-YON-PAI-2,YON,秋季 中國古代書畫（模擬場次）,2023-10-28,北京,繪畫,模擬
SIM-2023-SOT-BRO-2,SOT,秋季 中國藝術珍品－青銅器專場（模擬場次）,2023-10-28,香港,銅器,模擬
SIM-2023-CGD-CER-2,CGD,秋季 中國藝術珍品－瓷器專場（模擬場次）,2023-10-29,北京,陶瓷器,模擬
SIM-2023-CGH-PAI-2,CGH,秋季 中國古代書畫（模擬場次）,2023-10-29,香港,繪畫,模擬
SIM-2023-CHR-CAL-2,CHR,秋季 中國古代書法（模擬場次）,2023-10-29,香港,法書,模擬
SIM-2023-TFA-CER-2,TFA,秋季 御窯菁華－中國古代陶瓷（模擬場次）,2023-10-29,東京,陶瓷器,模擬
SIM-2023-YZH-BRO-2,YZH,秋季 吉金永寶－重要青銅器（模擬場次）,2023-11-04,台北,銅器,模擬
SIM-2023-YIA-CER-2,YIA,秋季 中國藝術珍品－瓷器專場（模擬場次）,2023-11-11,橫濱,陶瓷器,模擬
SIM-2023-YON-BRO-2,YON,秋季 中國古代青銅器藝術（模擬場次）,2023-11-12,北京,銅器,模擬
SIM-2023-YIA-BRO-2,YIA,秋季 中國藝術珍品－青銅器專場（模擬場次）,2023-11-18,橫濱,銅器,模擬
SIM-2023-YON-JAD-2,YON,秋季 瑰麗玉器與宮廷藝術（模擬場次）,2023-11-18,北京,玉器,模擬
SIM-2023-YON-CER-2,YON,秋季 重要中國瓷器及工藝精品（模擬場次）,2023-11-18,北京,陶瓷器,模擬
SIM-2023-YZH-PAI-2,YZH,秋季 中國近現代書畫（模擬場次）,2023-11-19,台北,繪畫,模擬
SIM-2023-XLY-CAL-2,XLY,秋季 翰墨流芳－歷代法書（模擬場次）,2023-11-19,杭州,法書,模擬
SIM-2023-YIA-JAD-2,YIA,秋季 中國藝術珍品－玉器專場（模擬場次）,2023-11-25,橫濱,玉器,模擬
SIM-2023-BPL-JAD-2,BPL,秋季 韞玉生輝－中國古代玉器（模擬場次）,2023-11-26,北京,玉器,模擬
SIM-2023-TCA-PAI-2,TCA,秋季 中國古代書畫（模擬場次）,2023-11-26,東京,繪畫,模擬
SIM-2023-BON-BRO-2,BON,秋季 吉金永寶－重要青銅器（模擬場次）,2023-11-26,香港,銅器,模擬
SIM-2023-CGD-BRO-2,CGD,秋季 中國藝術珍品－青銅器專場（模擬場次）,2023-12-03,北京,銅器,模擬
SIM-2023-BPL-PAI-2,BPL,秋季 中國近現代書畫（模擬場次）,2023-12-03,北京,繪畫,模擬
SIM-2023-PHK-CAL-2,PHK,秋季 中國書畫珍藏（模擬場次）,2023-12-09,香港,法書,模擬
SIM-2023-HYG-CAL-2,HYG,秋季 中國書畫珍藏（模擬場次）,2023-12-09,廣州,法書,模擬
SIM-2023-PHK-BRO-2,PHK,秋季 中國藝術珍品－青銅器專場（模擬場次）,2023-12-10,香港,銅器,模擬
SIM-2023-DIT-PAI-2,DIT,秋季 中國古代書畫（模擬場次）,2023-12-10,台北,繪畫,模擬
SIM-2023-CGH-JAD-2,CGH,秋季 瑰麗玉器與宮廷藝術（模擬場次）,2023-12-16,香港,玉器,模擬
SIM-2023-TCA-CAL-2,TCA,秋季 中國古代書法（模擬場次）,2023-12-16,東京,法書,模擬
SIM-2023-XLY-CER-2,XLY,秋季 御窯菁華－中國古代陶瓷（模擬場次）,2023-12-16,杭州,陶瓷器,模擬
SIM-2023-CGH-CAL-2,CGH,秋季 中國古代書法（模擬場次）,2023-12-17,香港,法書,模擬
SIM-2023-SOT-JAD-2,SOT,秋季 中國藝術珍品－玉器專場（模擬場次）,2023-12-17,香港,玉器,模擬
SIM-2023-BON-PAI-2,BON,秋季 中國近現代書畫（模擬場次）,2023-12-17,香港,繪畫,模擬
SIM-2023-CGD-PAI-2,CGD,秋季 翰墨丹青－中國繪畫專場（模擬場次）,2023-12-23,北京,繪畫,模擬
SIM-2023-YZH-CAL-2,YZH,秋季 翰墨流芳－歷代法書（模擬場次）,2023-12-23,台北,法書,模擬
SIM-2023-YIA-CAL-2,YIA,秋季 中國書畫珍藏（模擬場次）,2023-12-23,橫濱,法書,模擬
SIM-2023-HYG-PAI-2,HYG,秋季 翰墨丹青－中國繪畫專場（模擬場次）,2023-12-23,廣州,繪畫,模擬
SIM-2023-CGH-BRO-2,CGH,秋季 中國古代青銅器藝術（模擬場次）,2023-12-24,香港,銅器,模擬
SIM-2023-PHK-CER-2,PHK,秋季 中國藝術珍品－瓷器專場（模擬場次）,2023-12-24,香港,陶瓷器,模擬
SIM-2023-DIT-CAL-2,DIT,秋季 中國古代書法（模擬場次）,2023-12-24,台北,法書,模擬
SIM-2023-TCA-BRO-2,TCA,秋季 中國古代青銅器藝術（模擬場次）,2023-12-24,東京,銅器,模擬
SIM-2023-YIA-PAI-2,YIA,秋季 翰墨丹青－中國繪畫專場（模擬場次）,2023-12-24,橫濱,繪畫,模擬
SIM-2023-XLY-JAD-2,XLY,秋季 韞玉生輝－中國古代玉器（模擬場次）,2023-12-24,杭州,玉器,模擬
SIM-2023-CGD-CAL-2,CGD,秋季 中國書畫珍藏（模擬場次）,2023-12-30,北京,法書,模擬
SIM-2023-CHR-PAI-2,CHR,秋季 中國古代書畫（模擬場次）,2023-12-30,香港,繪畫,模擬
SIM-2023-DIT-BRO-2,DIT,秋季 中國古代青銅器藝術（模擬場次）,2023-12-30,台北,銅器,模擬
SIM-2024-YZH-BRO-1,YZH,春季 吉金永寶－重要青銅器（模擬場次）,2024-03-02,台北,銅器,模擬
SIM-2024-YON-CAL-1,YON,春季 中國古代書法（模擬場次）,2024-03-02,北京,法書,模擬
SIM-2024-YON-BRO-1,YON,春季 中國古代青銅器藝術（模擬場次）,2024-03-02,北京,銅器,模擬
SIM-2024-SOT-JAD-1,SOT,春季 中國藝術珍品－玉器專場（模擬場次）,2024-03-02,香港,玉器,模擬
SIM-2024-XLY-BRO-1,XLY,春季 吉金永寶－重要青銅器（模擬場次）,2024-03-02,杭州,銅器,模擬
SIM-2024-PHK-CAL-1,PHK,春季 中國書畫珍藏（模擬場次）,2024-03-03,香港,法書,模擬
SIM-2024-YZH-CER-1,YZH,春季 御窯菁華－中國古代陶瓷（模擬場次）,2024-03-03,台北,陶瓷器,模擬
SIM-2024-TCA-PAI-1,TCA,春季 中國古代書畫（模擬場次）,2024-03-03,東京,繪畫,模擬
SIM-2024-CHR-JAD-1,CHR,春季 瑰麗玉器與宮廷藝術（模擬場次）,2024-03-09,香港,玉器,模擬
SIM-2024-TFA-JAD-1,TFA,春季 韞玉生輝－中國古代玉器（模擬場次）,2024-03-09,東京,玉器,模擬
SIM-2024-XLY-JAD-1,XLY,春季 韞玉生輝－中國古代玉器（模擬場次）,2024-03-09,杭州,玉器,模擬
SIM-2024-BON-BRO-1,BON,春季 吉金永寶－重要青銅器（模擬場次）,2024-03-09,香港,銅器,模擬
SIM-2024-CGD-PAI-1,CGD,春季 翰墨丹青－中國繪畫專場（模擬場次）,2024-03-10,北京,繪畫,模擬
SIM-2024-CGH-JAD-1,CGH,春季 瑰麗玉器與宮廷藝術（模擬場次）,2024-03-10,香港,玉器,模擬
SIM-2024-HYG-PAI-1,HYG,春季 翰墨丹青－中國繪畫專場（模擬場次）,2024-03-10,廣州,繪畫,模擬
SIM-2024-DIT-JAD-1,DIT,春季 瑰麗玉器與宮廷藝術（模擬場次）,2024-03-16,台北,玉器,模擬
SIM-2024-CHR-PAI-1,CHR,春季 中國古代書畫（模擬場次）,2024-03-17,香港,繪畫,模擬
SIM-2024-PHK-PAI-1,PHK,春季 翰墨丹青－中國繪畫專場（模擬場次）,2024-03-24,香港,繪畫,模擬
SIM-2024-PHK-BRO-1,PHK,春季 中國藝術珍品－青銅器專場（模擬場次）,2024-03-30,香港,銅器,模擬
SIM-2024-DIT-PAI-1,DIT,春季 中國古代書畫（模擬場次）,2024-03-30,台北,繪畫,模擬
SIM-2024-SOT-CAL-1,SOT,春季 中國書畫珍藏（模擬場次）,2024-03-30,香港,法書,模擬
SIM-2024-YZH-PAI-1,YZH,春季 中國近現代書畫（模擬場次）,2024-03-31,台北,繪畫,模擬
SIM-2024-TFA-PAI-1,TFA,春季 中國近現代書畫（模擬場次）,2024-04-06,東京,繪畫,模擬
SIM-2024-YON-CER-1,YON,春季 重要中國瓷器及工藝精品（模擬場次）,2024-04-06,北京,陶瓷器,模擬
SIM-2024-BPL-CAL-1,BPL,春季 翰墨流芳－歷代法書（模擬場次）,2024-04-07,北京,法書,模擬
SIM-2024-HYG-BRO-1,HYG,春季 中國藝術珍品－青銅器專場（模擬場次）,2024-04-13,廣州,銅器,模擬
SIM-2024-CHR-CER-1,CHR,春季 重要中國瓷器及工藝精品（模擬場次）,2024-04-14,香港,陶瓷器,模擬
SIM-2024-BON-CER-1,BON,春季 御窯菁華－中國古代陶瓷（模擬場次）,2024-04-14,香港,陶瓷器,模擬
SIM-2024-CGH-CER-1,CGH,春季 重要中國瓷器及工藝精品（模擬場次）,2024-04-20,香港,陶瓷器,模擬
SIM-2024-DIT-CER-1,DIT,春季 重要中國瓷器及工藝精品（模擬場次）,2024-04-20,台北,陶瓷器,模擬
SIM-2024-TCA-JAD-1,TCA,春季 瑰麗玉器與宮廷藝術（模擬場次）,2024-04-21,東京,玉器,模擬
SIM-2024-TFA-CER-1,TFA,春季 御窯菁華－中國古代陶瓷（模擬場次）,2024-04-21,東京,陶瓷器,模擬
SIM-2024-YIA-CAL-1,YIA,春季 中國書畫珍藏（模擬場次）,2024-04-21,橫濱,法書,模擬
SIM-2024-CGD-BRO-1,CGD,春季 中國藝術珍品－青銅器專場（模擬場次）,2024-04-27,北京,銅器,模擬
SIM-2024-TCA-BRO-1,TCA,春季 中國古代青銅器藝術（模擬場次）,2024-04-27,東京,銅器,模擬
SIM-2024-CGH-CAL-1,CGH,春季 中國古代書法（模擬場次）,2024-04-28,香港,法書,模擬
SIM-2024-CGH-PAI-1,CGH,春季 中國古代書畫（模擬場次）,2024-04-28,香港,繪畫,模擬
SIM-2024-BON-CAL-1,BON,春季 翰墨流芳－歷代法書（模擬場次）,2024-04-28,香港,法書,模擬
SIM-2024-CGD-JAD-1,CGD,春季 中國藝術珍品－玉器專場（模擬場次）,2024-05-05,北京,玉器,模擬
SIM-2024-BPL-JAD-1,BPL,春季 韞玉生輝－中國古代玉器（模擬場次）,2024-05-05,北京,玉器,模擬
SIM-2024-YZH-CAL-1,YZH,春季 翰墨流芳－歷代法書（模擬場次）,2024-05-05,台北,法書,模擬
SIM-2024-SOT-PAI-1,SOT,春季 翰墨丹青－中國繪畫專場（模擬場次）,2024-05-05,香港,繪畫,模擬
SIM-2024-DIT-BRO-1,DIT,春季 中國古代青銅器藝術（模擬場次）,2024-05-11,台北,銅器,模擬
SIM-2024-XLY-CAL-1,XLY,春季 翰墨流芳－歷代法書（模擬場次）,2024-05-11,杭州,法書,模擬
SIM-2024-BON-PAI-1,BON,春季 中國近現代書畫（模擬場次）,2024-05-11,香港,繪畫,模擬
SIM-2024-YZH-JAD-1,YZH,春季 韞玉生輝－中國古代玉器（模擬場次）,2024-05-12,台北,玉器,模擬
SIM-2024-XLY-PAI-1,XLY,春季 中國近現代書畫（模擬場次）,2024-05-12,杭州,繪畫,模擬
SIM-2024-XLY-CER-1,XLY,春季 御窯菁華－中國古代陶瓷（模擬場次）,2024-05-12,杭州,陶瓷器,模擬
SIM-2024-HYG-CAL-1,HYG,春季 中國書畫珍藏（模擬場次）,2024-05-18,廣州,法書,模擬
SIM-2024-YIA-CER-1,YIA,春季 中國藝術珍品－瓷器專場（模擬場次）,2024-05-19,橫濱,陶瓷器,模擬
SIM-2024-YON-PAI-1,YON,春季 中國古代書畫（模擬場次）,2024-05-19,北京,繪畫,模擬
SIM-2024-BPL-PAI-1,BPL,春季 中國近現代書畫（模擬場次）,2024-05-25,北京,繪畫,模擬
SIM-2024-CHR-CAL-1,CHR,春季 中國古代書法（模擬場次）,2024-05-26,香港,法書,模擬
SIM-2024-DIT-CAL-1,DIT,春季 中國古代書法（模擬場次）,2024-06-01,台北,法書,模擬
SIM-2024-YON-JAD-1,YON,春季 瑰麗玉器與宮廷藝術（模擬場次）,2024-06-01,北京,玉器,模擬
SIM-2024-SOT-BRO-1,SOT,春季 中國藝術珍品－青銅器專場（模擬場次）,2024-06-01,香港,銅器,模擬
SIM-2024-CHR-BRO-1,CHR,春季 中國古代青銅器藝術（模擬場次）,2024-06-08,香港,銅器,模擬
SIM-2024-YIA-PAI-1,YIA,春季 翰墨丹青－中國繪畫專場（模擬場次）,2024-06-08,橫濱,繪畫,模擬
SIM-2024-CGD-CER-1,CGD,春季 中國藝術珍品－瓷器專場（模擬場次）,2024-06-09,北京,陶瓷器,模擬
SIM-2024-TFA-CAL-1,TFA,春季 翰墨流芳－歷代法書（模擬場次）,2024-06-09,東京,法書,模擬
SIM-2024-TFA-BRO-1,TFA,春季 吉金永寶－重要青銅器（模擬場次）,2024-06-09,東京,銅器,模擬
SIM-2024-TCA-CAL-1,TCA,春季 中國古代書法（模擬場次）,2024-06-15,東京,法書,模擬
SIM-2024-HYG-CER-1,HYG,春季 中國藝術珍品－瓷器專場（模擬場次）,2024-06-15,廣州,陶瓷器,模擬
SIM-2024-SOT-CER-1,SOT,春季 中國藝術珍品－瓷器專場（模擬場次）,2024-06-15,香港,陶瓷器,模擬
SIM-2024-PHK-JAD-1,PHK,春季 中國藝術珍品－玉器專場（模擬場次）,2024-06-16,香港,玉器,模擬
SIM-2024-TCA-CER-1,TCA,春季 重要中國瓷器及工藝精品（模擬場次）,2024-06-16,東京,陶瓷器,模擬
SIM-2024-CGD-CAL-1,CGD,春季 中國書畫珍藏（模擬場次）,2024-06-22,北京,法書,模擬
SIM-2024-PHK-CER-1,PHK,春季 中國藝術珍品－瓷器專場（模擬場次）,2024-06-22,香港,陶瓷器,模擬
SIM-2024-BPL-BRO-1,BPL,春季 吉金永寶－重要青銅器（模擬場次）,2024-06-22,北京,銅器,模擬
SIM-2024-YIA-BRO-1,YIA,春季 中國藝術珍品－青銅器專場（模擬場次）,2024-06-22,橫濱,銅器,模擬
SIM-2024-HYG-JAD-1,HYG,春季 中國藝術珍品－玉器專場（模擬場次）,2024-06-22,廣州,玉器,模擬
SIM-2024-YIA-JAD-1,YIA,春季 中國藝術珍品－玉器專場（模擬場次）,2024-06-23,橫濱,玉器,模擬
SIM-2024-BPL-CER-1,BPL,春季 御窯菁華－中國古代陶瓷（模擬場次）,2024-06-29,北京,陶瓷器,模擬
SIM-2024-CGH-BRO-1,CGH,春季 中國古代青銅器藝術（模擬場次）,2024-06-30,香港,銅器,模擬
SIM-2024-BON-JAD-1,BON,春季 韞玉生輝－中國古代玉器（模擬場次）,2024-06-30,香港,玉器,模擬
SIM-2024-SOT-CAL-2,SOT,秋季 中國古代書法（模擬場次）,2024-09-01,香港,法書,模擬
SIM-2024-SOT-BRO-2,SOT,秋季 中國古代青銅器藝術（模擬場次）,2024-09-01,香港,銅器,模擬
SIM-2024-BPL-PAI-2,BPL,秋季 翰墨丹青－中國繪畫專場（模擬場次）,2024-09-07,北京,繪畫,模擬
SIM-2024-XLY-CER-2,XLY,秋季 中國藝術珍品－瓷器專場（模擬場次）,2024-09-07,杭州,陶瓷器,模擬
SIM-2024-HYG-JAD-2,HYG,秋季 瑰麗玉器與宮廷藝術（模擬場次）,2024-09-08,廣州,玉器,模擬
SIM-2024-PHK-CAL-2,PHK,秋季 中國古代書法（模擬場次）,2024-09-14,香港,法書,模擬
SIM-2024-TFA-CER-2,TFA,秋季 中國藝術珍品－瓷器專場（模擬場次）,2024-09-14,東京,陶瓷器,模擬
SIM-2024-CHR-PAI-2,CHR,秋季 中國近現代書畫（模擬場次）,2024-09-15,香港,繪畫,模擬
SIM-2024-TFA-PAI-2,TFA,秋季 翰墨丹青－中國繪畫專場（模擬場次）,2024-09-15,東京,繪畫,模擬
SIM-2024-PHK-CER-2,PHK,秋季 重要中國瓷器及工藝精品（模擬場次）,2024-09-21,香港,陶瓷器,模擬
SIM-2024-YIA-CAL-2,YIA,秋季 中國古代書法（模擬場次）,2024-09-21,橫濱,法書,模擬
SIM-2024-XLY-JAD-2,XLY,秋季 中國藝術珍品－玉器專場（模擬場次）,2024-09-21,杭州,玉器,模擬
SIM-2024-CGD-BRO-2,CGD,秋季 中國古代青銅器藝術（模擬場次）,2024-09-22,北京,銅器,模擬
SIM-2024-CGD-CER-2,CGD,秋季 重要中國瓷器及工藝精品（模擬場次）,2024-09-22,北京,陶瓷器,模擬
SIM-2024-CHR-BRO-2,CHR,秋季 吉金永寶－重要青銅器（模擬場次）,2024-09-22,香港,銅器,模擬
SIM-2024-BPL-JAD-2,BPL,秋季 中國藝術珍品－玉器專場（模擬場次）,2024-09-22,北京,玉器,模擬
SIM-2024-TCA-CER-2,TCA,秋季 御窯菁華－中國古代陶瓷（模擬場次）,2024-09-22,東京,陶瓷器,模擬
SIM-2024-CGH-CER-2,CGH,秋季 御窯菁華－中國古代陶瓷（模擬場次）,2024-09-28,香港,陶瓷器,模擬
SIM-2024-CGD-CAL-2,CGD,秋季 中國古代書法（模擬場次）,2024-09-29,北京,法書,模擬
SIM-2024-TCA-CAL-2,TCA,秋季 翰墨流芳－歷代法書（模擬場次）,2024-09-29,東京,法書,模擬
SIM-2024-YIA-JAD-2,YIA,秋季 瑰麗玉器與宮廷藝術（模擬場次）,2024-10-05,橫濱,玉器,模擬
SIM-2024-CHR-CER-2,CHR,秋季 御窯菁華－中國古代陶瓷（模擬場次）,2024-10-06,香港,陶瓷器,模擬
SIM-2024-BON-CAL-2,BON,秋季 中國書畫珍藏（模擬場次）,2024-10-06,香港,法書,模擬
SIM-2024-CGH-JAD-2,CGH,秋季 韞玉生輝－中國古代玉器（模擬場次）,2024-10-13,香港,玉器,模擬
SIM-2024-PHK-PAI-2,PHK,秋季 中國古代書畫（模擬場次）,2024-10-13,香港,繪畫,模擬
SIM-2024-DIT-BRO-2,DIT,秋季 吉金永寶－重要青銅器（模擬場次）,2024-10-13,台北,銅器,模擬
SIM-2024-HYG-PAI-2,HYG,秋季 中國古代書畫（模擬場次）,2024-10-13,廣州,繪畫,模擬
SIM-2024-HYG-BRO-2,HYG,秋季 中國古代青銅器藝術（模擬場次）,2024-10-13,廣州,銅器,模擬
SIM-2024-BON-CER-2,BON,秋季 中國藝術珍品－瓷器專場（模擬場次）,2024-10-13,香港,陶瓷器,模擬
SIM-2024-TFA-JAD-2,TFA,秋季 中國藝術珍品－玉器專場（模擬場次）,2024-10-19,東京,玉器,模擬
SIM-2024-YIA-BRO-2,YIA,秋季 中國古代青銅器藝術（模擬場次）,2024-10-19,橫濱,銅器,模擬
SIM-2024-BON-BRO-2,BON,秋季 中國藝術珍品－青銅器專場（模擬場次）,2024-10-19,香港,銅器,模擬
SIM-2024-YON-CAL-2,YON,秋季 翰墨流芳－歷代法書（模擬場次）,2024-10-20,北京,法書,模擬
SIM-2024-SOT-JAD-2,SOT,秋季 瑰麗玉器與宮廷藝術（模擬場次）,2024-10-20,香港,玉器,模擬
SIM-2024-DIT-JAD-2,DIT,秋季 韞玉生輝－中國古代玉器（模擬場次）,2024-10-26,台北,玉器,模擬
SIM-2024-YZH-CER-2,YZH,秋季 中國藝術珍品－瓷器專場（模擬場次）,2024-10-27,台北,陶瓷器,模擬
SIM-2024-YON-BRO-2,YON,秋季 吉金永寶－重要青銅器（模擬場次）,2024-11-02,北京,銅器,模擬
SIM-2024-BON-PAI-2,BON,秋季 翰墨丹青－中國繪畫專場（模擬場次）,2024-11-02,香港,繪畫,模擬
SIM-2024-YZH-CAL-2,YZH,秋季 中國書畫珍藏（模擬場次）,2024-11-03,台北,法書,模擬
SIM-2024-TCA-BRO-2,TCA,秋季 吉金永寶－重要青銅器（模擬場次）,2024-11-09,東京,銅器,模擬
SIM-2024-HYG-CAL-2,HYG,秋季 中國古代書法（模擬場次）,2024-11-09,廣州,法書,模擬
SIM-2024-CGD-JAD-2,CGD,秋季 瑰麗玉器與宮廷藝術（模擬場次）,2024-11-10,北京,玉器,模擬
SIM-2024-XLY-PAI-2,XLY,秋季 翰墨丹青－中國繪畫專場（模擬場次）,2024-11-10,杭州,繪畫,模擬
SIM-2024-CGD-PAI-2,CGD,秋季 中國古代書畫（模擬場次）,2024-11-16,北京,繪畫,模擬
SIM-2024-YZH-JAD-2,YZH,秋季 中國藝術珍品－玉器專場（模擬場次）,2024-11-16,台北,玉器,模擬
SIM-2024-SOT-CER-2,SOT,秋季 重要中國瓷器及工藝精品（模擬場次）,2024-11-16,香港,陶瓷器,模擬
SIM-2024-DIT-CAL-2,DIT,秋季 翰墨流芳－歷代法書（模擬場次）,2024-11-23,台北,法書,模擬
SIM-2024-YIA-CER-2,YIA,秋季 重要中國瓷器及工藝精品（模擬場次）,2024-11-23,橫濱,陶瓷器,模擬
SIM-2024-XLY-CAL-2,XLY,秋季 中國書畫珍藏（模擬場次）,2024-11-23,杭州,法書,模擬
SIM-2024-PHK-JAD-2,PHK,秋季 瑰麗玉器與宮廷藝術（模擬場次）,2024-11-30,香港,玉器,模擬
SIM-2024-PHK-BRO-2,PHK,秋季 中國古代青銅器藝術（模擬場次）,2024-11-30,香港,銅器,模擬
SIM-2024-YIA-PAI-2,YIA,秋季 中國古代書畫（模擬場次）,2024-11-30,橫濱,繪畫,模擬
SIM-2024-CGH-PAI-2,CGH,秋季 中國近現代書畫（模擬場次）,2024-12-01,香港,繪畫,模擬
SIM-2024-CGH-BRO-2,CGH,秋季 吉金永寶－重要青銅器（模擬場次）,2024-12-01,香港,銅器,模擬
SIM-2024-CHR-JAD-2,CHR,秋季 韞玉生輝－中國古代玉器（模擬場次）,2024-12-01,香港,玉器,模擬
SIM-2024-TCA-PAI-2,TCA,秋季 中國近現代書畫（模擬場次）,2024-12-01,東京,繪畫,模擬
SIM-2024-BON-JAD-2,BON,秋季 中國藝術珍品－玉器專場（模擬場次）,2024-12-01,香港,玉器,模擬
SIM-2024-TFA-CAL-2,TFA,秋季 中國書畫珍藏（模擬場次）,2024-12-07,東京,法書,模擬
SIM-2024-BPL-CER-2,BPL,秋季 中國藝術珍品－瓷器專場（模擬場次）,2024-12-14,北京,陶瓷器,模擬
SIM-2024-DIT-PAI-2,DIT,秋季 中國近現代書畫（模擬場次）,2024-12-14,台北,繪畫,模擬
SIM-2024-YON-JAD-2,YON,秋季 韞玉生輝－中國古代玉器（模擬場次）,2024-12-14,北京,玉器,模擬
SIM-2024-XLY-BRO-2,XLY,秋季 中國藝術珍品－青銅器專場（模擬場次）,2024-12-14,杭州,銅器,模擬
SIM-2024-BPL-CAL-2,BPL,秋季 中國書畫珍藏（模擬場次）,2024-12-15,北京,法書,模擬
SIM-2024-TFA-BRO-2,TFA,秋季 中國藝術珍品－青銅器專場（模擬場次）,2024-12-15,東京,銅器,模擬
SIM-2024-BPL-BRO-2,BPL,秋季 中國藝術珍品－青銅器專場（模擬場次）,2024-12-21,北京,銅器,模擬
SIM-2024-YZH-BRO-2,YZH,秋季 中國藝術珍品－青銅器專場（模擬場次）,2024-12-21,台北,銅器,模擬
SIM-2024-DIT-CER-2,DIT,秋季 御窯菁華－中國古代陶瓷（模擬場次）,2024-12-21,台北,陶瓷器,模擬
SIM-2024-TCA-JAD-2,TCA,秋季 韞玉生輝－中國古代玉器（模擬場次）,2024-12-21,東京,玉器,模擬
SIM-2024-SOT-PAI-2,SOT,秋季 中國古代書畫（模擬場次）,2024-12-21,香港,繪畫,模擬
SIM-2024-CGH-CAL-2,CGH,秋季 翰墨流芳－歷代法書（模擬場次）,2024-12-22,香港,法書,模擬
SIM-2024-YZH-PAI-2,YZH,秋季 翰墨丹青－中國繪畫專場（模擬場次）,2024-12-22,台北,繪畫,模擬
SIM-2024-YON-PAI-2,YON,秋季 中國近現代書畫（模擬場次）,2024-12-22,北京,繪畫,模擬
SIM-2024-YON-CER-2,YON,秋季 御窯菁華－中國古代陶瓷（模擬場次）,2024-12-22,北京,陶瓷器,模擬
SIM-2024-HYG-CER-2,HYG,秋季 重要中國瓷器及工藝精品（模擬場次）,2024-12-22,廣州,陶瓷器,模擬
SIM-2024-CHR-CAL-2,CHR,秋季 翰墨流芳－歷代法書（模擬場次）,2024-12-29,香港,法書,模擬
SIM-2025-TFA-JAD-1,TFA,春季 中國藝術珍品－玉器專場（模擬場次）,2025-03-01,東京,玉器,模擬
SIM-2025-BON-JAD-1,BON,春季 中國藝術珍品－玉器專場（模擬場次）,2025-03-01,香港,玉器,模擬
SIM-2025-BON-PAI-1,BON,春季 翰墨丹青－中國繪畫專場（模擬場次）,2025-03-01,香港,繪畫,模擬
SIM-2025-PHK-CAL-1,PHK,春季 中國古代書法（模擬場次）,2025-03-02,香港,法書,模擬
SIM-2025-CGH-BRO-1,CGH,春季 吉金永寶－重要青銅器（模擬場次）,2025-03-08,香港,銅器,模擬
SIM-2025-PHK-CER-1,PHK,春季 重要中國瓷器及工藝精品（模擬場次）,2025-03-08,香港,陶瓷器,模擬
SIM-2025-SOT-PAI-1,SOT,春季 中國古代書畫（模擬場次）,2025-03-08,香港,繪畫,模擬
SIM-2025-XLY-PAI-1,XLY,春季 翰墨丹青－中國繪畫專場（模擬場次）,2025-03-08,杭州,繪畫,模擬
SIM-2025-BPL-BRO-1,BPL,春季 中國藝術珍品－青銅器專場（模擬場次）,2025-03-15,北京,銅器,模擬
SIM-2025-TFA-CAL-1,TFA,春季 中國書畫珍藏（模擬場次）,2025-03-15,東京,法書,模擬
SIM-2025-YIA-CAL-1,YIA,春季 中國古代書法（模擬場次）,2025-03-15,橫濱,法書,模擬
SIM-2025-YZH-JAD-1,YZH,春季 中國藝術珍品－玉器專場（模擬場次）,2025-03-16,台北,玉器,模擬
SIM-2025-HYG-JAD-1,HYG,春季 瑰麗玉器與宮廷藝術（模擬場次）,2025-03-16,廣州,玉器,模擬
SIM-2025-XLY-CAL-1,XLY,春季 中國書畫珍藏（模擬場次）,2025-03-16,杭州,法書,模擬
SIM-2025-XLY-CER-1,XLY,春季 中國藝術珍品－瓷器專場（模擬場次）,2025-03-16,杭州,陶瓷器,模擬
SIM-2025-CGH-PAI-1,CGH,春季 中國近現代書畫（模擬場次）,2025-03-22,香港,繪畫,模擬
SIM-2025-YZH-BRO-1,YZH,春季 中國藝術珍品－青銅器專場（模擬場次）,2025-03-22,台北,銅器,模擬
SIM-2025-YZH-PAI-1,YZH,春季 翰墨丹青－中國繪畫專場（模擬場次）,2025-03-23,台北,繪畫,模擬
SIM-2025-CHR-BRO-1,CHR,春季 吉金永寶－重要青銅器（模擬場次）,2025-03-29,香港,銅器,模擬
SIM-2025-CGD-CAL-1,CGD,春季 中國古代書法（模擬場次）,2025-03-30,北京,法書,模擬
SIM-2025-CGH-JAD-1,CGH,春季 韞玉生輝－中國古代玉器（模擬場次）,2025-03-30,香港,玉器,模擬
SIM-2025-TCA-JAD-1,TCA,春季 韞玉生輝－中國古代玉器（模擬場次）,2025-03-30,東京,玉器,模擬
SIM-2025-CGD-CER-1,CGD,春季 重要中國瓷器及工藝精品（模擬場次）,2025-04-05,北京,陶瓷器,模擬
SIM-2025-CHR-CER-1,CHR,春季 御窯菁華－中國古代陶瓷（模擬場次）,2025-04-05,香港,陶瓷器,模擬
SIM-2025-CHR-CAL-1,CHR,春季 翰墨流芳－歷代法書（模擬場次）,2025-04-06,香港,法書,模擬
SIM-2025-CHR-PAI-1,CHR,春季 中國近現代書畫（模擬場次）,2025-04-06,香港,繪畫,模擬
SIM-2025-XLY-BRO-1,XLY,春季 中國藝術珍品－青銅器專場（模擬場次）,2025-04-06,杭州,銅器,模擬
SIM-2025-TCA-CAL-1,TCA,春季 翰墨流芳－歷代法書（模擬場次）,2025-04-12,東京,法書,模擬
SIM-2025-YON-CAL-1,YON,春季 翰墨流芳－歷代法書（模擬場次）,2025-04-12,北京,法書,模擬
SIM-2025-SOT-CAL-1,SOT,春季 中國古代書法（模擬場次）,2025-04-12,香港,法書,模擬
SIM-2025-PHK-BRO-1,PHK,春季 中國古代青銅器藝術（模擬場次）,2025-04-13,香港,銅器,模擬
SIM-2025-BPL-CER-1,BPL,春季 中國藝術珍品－瓷器專場（模擬場次）,2025-04-13,北京,陶瓷器,模擬
SIM-2025-DIT-CER-1,DIT,春季 御窯菁華－中國古代陶瓷（模擬場次）,2025-04-13,台北,陶瓷器,模擬
SIM-2025-TFA-PAI-1,TFA,春季 翰墨丹青－中國繪畫專場（模擬場次）,2025-04-13,東京,繪畫,模擬
SIM-2025-YIA-BRO-1,YIA,春季 中國古代青銅器藝術（模擬場次）,2025-04-13,橫濱,銅器,模擬
SIM-2025-YON-BRO-1,YON,春季 吉金永寶－重要青銅器（模擬場次）,2025-04-13,北京,銅器,模擬
SIM-2025-BON-CER-1,BON,春季 中國藝術珍品－瓷器專場（模擬場次）,2025-04-13,香港,陶瓷器,模擬
SIM-2025-CGD-PAI-1,CGD,春季 中國古代書畫（模擬場次）,2025-04-19,北京,繪畫,模擬
SIM-2025-YIA-CER-1,YIA,春季 重要中國瓷器及工藝精品（模擬場次）,2025-04-19,橫濱,陶瓷器,模擬
SIM-2025-DIT-JAD-1,DIT,春季 韞玉生輝－中國古代玉器（模擬場次）,2025-04-20,台北,玉器,模擬
SIM-2025-XLY-JAD-1,XLY,春季 中國藝術珍品－玉器專場（模擬場次）,2025-04-20,杭州,玉器,模擬
SIM-2025-CGD-BRO-1,CGD,春季 中國古代青銅器藝術（模擬場次）,2025-04-26,北京,銅器,模擬
SIM-2025-DIT-BRO-1,DIT,春季 吉金永寶－重要青銅器（模擬場次）,2025-04-27,台北,銅器,模擬
SIM-2025-YIA-PAI-1,YIA,春季 中國古代書畫（模擬場次）,2025-04-27,橫濱,繪畫,模擬
SIM-2025-CGH-CAL-1,CGH,春季 翰墨流芳－歷代法書（模擬場次）,2025-05-03,香港,法書,模擬
SIM-2025-TFA-CER-1,TFA,春季 中國藝術珍品－瓷器專場（模擬場次）,2025-05-03,東京,陶瓷器,模擬
SIM-2025-BPL-CAL-1,BPL,春季 中國書畫珍藏（模擬場次）,2025-05-04,北京,法書,模擬
SIM-2025-BPL-JAD-1,BPL,春季 中國藝術珍品－玉器專場（模擬場次）,2025-05-04,北京,玉器,模擬
SIM-2025-DIT-PAI-1,DIT,春季 中國近現代書畫（模擬場次）,2025-05-10,台北,繪畫,模擬
SIM-2025-TCA-CER-1,TCA,春季 御窯菁華－中國古代陶瓷（模擬場次）,2025-05-10,東京,陶瓷器,模擬
SIM-2025-HYG-PAI-1,HYG,春季 中國古代書畫（模擬場次）,2025-05-10,廣州,繪畫,模擬
SIM-2025-CHR-JAD-1,CHR,春季 韞玉生輝－中國古代玉器（模擬場次）,2025-05-11,香港,玉器,模擬
SIM-2025-YIA-JAD-1,YIA,春季 瑰麗玉器與宮廷藝術（模擬場次）,2025-05-11,橫濱,玉器,模擬
SIM-2025-SOT-CER-1,SOT,春季 重要中國瓷器及工藝精品（模擬場次）,2025-05-11,香港,陶瓷器,模擬
SIM-2025-YZH-CAL-1,YZH,春季 中國書畫珍藏（模擬場次）,2025-05-18,台北,法書,模擬
SIM-2025-TFA-BRO-1,TFA,春季 中國藝術珍品－青銅器專場（模擬場次）,2025-05-18,東京,銅器,模擬
SIM-2025-HYG-CAL-1,HYG,春季 中國古代書法（模擬場次）,2025-05-18,廣州,法書,模擬
SIM-2025-CGH-CER-1,CGH,春季 御窯菁華－中國古代陶瓷（模擬場次）,2025-05-25,香港,陶瓷器,模擬
SIM-2025-SOT-BRO-1,SOT,春季 中國古代青銅器藝術（模擬場次）,2025-05-25,香港,銅器,模擬
SIM-2025-DIT-CAL-1,DIT,春季 翰墨流芳－歷代法書（模擬場次）,2025-05-31,台北,法書,模擬
SIM-2025-BON-BRO-1,BON,春季 中國藝術珍品－青銅器專場（模擬場次）,2025-05-31,香港,銅器,模擬
SIM-2025-CGD-JAD-1,CGD,春季 瑰麗玉器與宮廷藝術（模擬場次）,2025-06-01,北京,玉器,模擬
SIM-2025-PHK-JAD-1,PHK,春季 瑰麗玉器與宮廷藝術（模擬場次）,2025-06-01,香港,玉器,模擬
SIM-2025-YZH-CER-1,YZH,春季 中國藝術珍品－瓷器專場（模擬場次）,2025-06-01,台北,陶瓷器,模擬
SIM-2025-YON-JAD-1,YON,春季 韞玉生輝－中國古代玉器（模擬場次）,2025-06-01,北京,玉器,模擬
SIM-2025-TCA-BRO-1,TCA,春季 吉金永寶－重要青銅器（模擬場次）,2025-06-07,東京,銅器,模擬
SIM-2025-YON-CER-1,YON,春季 御窯菁華－中國古代陶瓷（模擬場次）,2025-06-08,北京,陶瓷器,模擬
SIM-2025-HYG-BRO-1,HYG,春季 中國古代青銅器藝術（模擬場次）,2025-06-08,廣州,銅器,模擬
SIM-2025-HYG-CER-1,HYG,春季 重要中國瓷器及工藝精品（模擬場次）,2025-06-21,廣州,陶瓷器,模擬
SIM-2025-SOT-JAD-1,SOT,春季 瑰麗玉器與宮廷藝術（模擬場次）,2025-06-21,香港,玉器,模擬
SIM-2025-PHK-PAI-1,PHK,春季 中國古代書畫（模擬場次）,2025-06-22,香港,繪畫,模擬
SIM-2025-YON-PAI-1,YON,春季 中國近現代書畫（模擬場次）,2025-06-22,北京,繪畫,模擬
SIM-2025-BPL-PAI-1,BPL,春季 翰墨丹青－中國繪畫專場（模擬場次）,2025-06-28,北京,繪畫,模擬
SIM-2025-TCA-PAI-1,TCA,春季 中國近現代書畫（模擬場次）,2025-06-28,東京,繪畫,模擬
SIM-2025-BON-CAL-1,BON,春季 中國書畫珍藏（模擬場次）,2025-06-29,香港,法書,模擬
SIM-2025-YON-CAL-2,YON,秋季 中國書畫珍藏（模擬場次）,2025-09-06,北京,法書,模擬
SIM-2025-SOT-BRO-2,SOT,秋季 吉金永寶－重要青銅器（模擬場次）,2025-09-06,香港,銅器,模擬
SIM-2025-XLY-CAL-2,XLY,秋季 中國古代書法（模擬場次）,2025-09-06,杭州,法書,模擬
SIM-2025-CGH-JAD-2,CGH,秋季 中國藝術珍品－玉器專場（模擬場次）,2025-09-13,香港,玉器,模擬
SIM-2025-CGH-CER-2,CGH,秋季 中國藝術珍品－瓷器專場（模擬場次）,2025-09-13,香港,陶瓷器,模擬
SIM-2025-CHR-PAI-2,CHR,秋季 翰墨丹青－中國繪畫專場（模擬場次）,2025-09-13,香港,繪畫,模擬
SIM-2025-BPL-CER-2,BPL,秋季 重要中國瓷器及工藝精品（模擬場次）,2025-09-13,北京,陶瓷器,模擬
SIM-2025-TCA-CAL-2,TCA,秋季 中國書畫珍藏（模擬場次）,2025-09-13,東京,法書,模擬
SIM-2025-SOT-CAL-2,SOT,秋季 翰墨流芳－歷代法書（模擬場次）,2025-09-13,香港,法書,模擬
SIM-2025-BON-PAI-2,BON,秋季 中國古代書畫（模擬場次）,2025-09-13,香港,繪畫,模擬
SIM-2025-CGD-CAL-2,CGD,秋季 翰墨流芳－歷代法書（模擬場次）,2025-09-14,北京,法書,模擬
SIM-2025-HYG-JAD-2,HYG,秋季 韞玉生輝－中國古代玉器（模擬場次）,2025-09-14,廣州,玉器,模擬
SIM-2025-TFA-JAD-2,TFA,秋季 瑰麗玉器與宮廷藝術（模擬場次）,2025-09-20,東京,玉器,模擬
SIM-2025-SOT-CER-2,SOT,秋季 御窯菁華－中國古代陶瓷（模擬場次）,2025-09-20,香港,陶瓷器,模擬
SIM-2025-XLY-BRO-2,XLY,秋季 中國古代青銅器藝術（模擬場次）,2025-09-20,杭州,銅器,模擬
SIM-2025-TCA-BRO-2,TCA,秋季 中國藝術珍品－青銅器專場（模擬場次）,2025-09-21,東京,銅器,模擬
SIM-2025-YIA-CER-2,YIA,秋季 御窯菁華－中國古代陶瓷（模擬場次）,2025-09-21,橫濱,陶瓷器,模擬
SIM-2025-HYG-BRO-2,HYG,秋季 吉金永寶－重要青銅器（模擬場次）,2025-09-27,廣州,銅器,模擬
SIM-2025-PHK-BRO-2,PHK,秋季 吉金永寶－重要青銅器（模擬場次）,2025-09-28,香港,銅器,模擬
SIM-2025-DIT-PAI-2,DIT,秋季 翰墨丹青－中國繪畫專場（模擬場次）,2025-10-04,台北,繪畫,模擬
SIM-2025-TFA-BRO-2,TFA,秋季 中國古代青銅器藝術（模擬場次）,2025-10-04,東京,銅器,模擬
SIM-2025-PHK-JAD-2,PHK,秋季 韞玉生輝－中國古代玉器（模擬場次）,2025-10-05,香港,玉器,模擬
SIM-2025-YZH-BRO-2,YZH,秋季 中國古代青銅器藝術（模擬場次）,2025-10-11,台北,銅器,模擬
SIM-2025-YON-BRO-2,YON,秋季 中國藝術珍品－青銅器專場（模擬場次）,2025-10-11,北京,銅器,模擬
SIM-2025-BON-CAL-2,BON,秋季 中國古代書法（模擬場次）,2025-10-11,香港,法書,模擬
SIM-2025-CGH-PAI-2,CGH,秋季 翰墨丹青－中國繪畫專場（模擬場次）,2025-10-12,香港,繪畫,模擬
SIM-2025-PHK-CAL-2,PHK,秋季 翰墨流芳－歷代法書（模擬場次）,2025-10-18,香港,法書,模擬
SIM-2025-YZH-JAD-2,YZH,秋季 瑰麗玉器與宮廷藝術（模擬場次）,2025-10-18,台北,玉器,模擬
SIM-2025-DIT-CER-2,DIT,秋季 中國藝術珍品－瓷器專場（模擬場次）,2025-10-18,台北,陶瓷器,模擬
SIM-2025-BON-BRO-2,BON,秋季 中國古代青銅器藝術（模擬場次）,2025-10-18,香港,銅器,模擬
SIM-2025-CHR-JAD-2,CHR,秋季 中國藝術珍品－玉器專場（模擬場次）,2025-10-19,香港,玉器,模擬
SIM-2025-YIA-CAL-2,YIA,秋季 翰墨流芳－歷代法書（模擬場次）,2025-10-19,橫濱,法書,模擬
SIM-2025-HYG-PAI-2,HYG,秋季 中國近現代書畫（模擬場次）,2025-10-19,廣州,繪畫,模擬
SIM-2025-CGD-PAI-2,CGD,秋季 中國近現代書畫（模擬場次）,2025-10-25,北京,繪畫,模擬
SIM-2025-CGD-BRO-2,CGD,秋季 吉金永寶－重要青銅器（模擬場次）,2025-10-25,北京,銅器,模擬
SIM-2025-CGD-CER-2,CGD,秋季 御窯菁華－中國古代陶瓷（模擬場次）,2025-10-25,北京,陶瓷器,模擬
SIM-2025-YIA-PAI-2,YIA,秋季 中國近現代書畫（模擬場次）,2025-10-25,橫濱,繪畫,模擬
SIM-2025-YON-JAD-2,YON,秋季 中國藝術珍品－玉器專場（模擬場次）,2025-10-26,北京,玉器,模擬
SIM-2025-SOT-PAI-2,SOT,秋季 中國近現代書畫（模擬場次）,2025-10-26,香港,繪畫,模擬
SIM-2025-DIT-BRO-2,DIT,秋季 中國藝術珍品－青銅器專場（模擬場次）,2025-11-01,台北,銅器,模擬
SIM-2025-TCA-CER-2,TCA,秋季 中國藝術珍品－瓷器專場（模擬場次）,2025-11-01,東京,陶瓷器,模擬
SIM-2025-SOT-JAD-2,SOT,秋季 韞玉生輝－中國古代玉器（模擬場次）,2025-11-01,香港,玉器,模擬
SIM-2025-YZH-CER-2,YZH,秋季 重要中國瓷器及工藝精品（模擬場次）,2025-11-02,台北,陶瓷器,模擬
SIM-2025-TCA-PAI-2,TCA,秋季 翰墨丹青－中國繪畫專場（模擬場次）,2025-11-02,東京,繪畫,模擬
SIM-2025-HYG-CER-2,HYG,秋季 御窯菁華－中國古代陶瓷（模擬場次）,2025-11-02,廣州,陶瓷器,模擬
SIM-2025-PHK-PAI-2,PHK,秋季 中國近現代書畫（模擬場次）,2025-11-09,香港,繪畫,模擬
SIM-2025-HYG-CAL-2,HYG,秋季 翰墨流芳－歷代法書（模擬場次）,2025-11-09,廣州,法書,模擬
SIM-2025-XLY-CER-2,XLY,秋季 重要中國瓷器及工藝精品（模擬場次）,2025-11-09,杭州,陶瓷器,模擬
SIM-2025-BPL-BRO-2,BPL,秋季 中國古代青銅器藝術（模擬場次）,2025-11-15,北京,銅器,模擬
SIM-2025-TCA-JAD-2,TCA,秋季 中國藝術珍品－玉器專場（模擬場次）,2025-11-16,東京,玉器,模擬
SIM-2025-CHR-CAL-2,CHR,秋季 中國書畫珍藏（模擬場次）,2025-11-23,香港,法書,模擬
SIM-2025-YZH-CAL-2,YZH,秋季 中國古代書法（模擬場次）,2025-11-23,台北,法書,模擬
SIM-2025-TFA-PAI-2,TFA,秋季 中國古代書畫（模擬場次）,2025-11-23,東京,繪畫,模擬
SIM-2025-BPL-JAD-2,BPL,秋季 瑰麗玉器與宮廷藝術（模擬場次）,2025-11-29,北京,玉器,模擬
SIM-2025-CHR-BRO-2,CHR,秋季 中國藝術珍品－青銅器專場（模擬場次）,2025-11-30,香港,銅器,模擬
SIM-2025-BPL-CAL-2,BPL,秋季 中國古代書法（模擬場次）,2025-11-30,北京,法書,模擬
SIM-2025-YZH-PAI-2,YZH,秋季 中國古代書畫（模擬場次）,2025-11-30,台北,繪畫,模擬
SIM-2025-TFA-CER-2,TFA,秋季 重要中國瓷器及工藝精品（模擬場次）,2025-11-30,東京,陶瓷器,模擬
SIM-2025-BON-CER-2,BON,秋季 重要中國瓷器及工藝精品（模擬場次）,2025-11-30,香港,陶瓷器,模擬
SIM-2025-CGD-JAD-2,CGD,秋季 韞玉生輝－中國古代玉器（模擬場次）,2025-12-06,北京,玉器,模擬
SIM-2025-CGH-CAL-2,CGH,秋季 中國書畫珍藏（模擬場次）,2025-12-06,香港,法書,模擬
SIM-2025-TFA-CAL-2,TFA,秋季 中國古代書法（模擬場次）,2025-12-06,東京,法書,模擬
SIM-2025-BON-JAD-2,BON,秋季 瑰麗玉器與宮廷藝術（模擬場次）,2025-12-06,香港,玉器,模擬
SIM-2025-YON-PAI-2,YON,秋季 翰墨丹青－中國繪畫專場（模擬場次）,2025-12-07,北京,繪畫,模擬
SIM-2025-XLY-JAD-2,XLY,秋季 瑰麗玉器與宮廷藝術（模擬場次）,2025-12-07,杭州,玉器,模擬
SIM-2025-XLY-PAI-2,XLY,秋季 中國古代書畫（模擬場次）,2025-12-13,杭州,繪畫,模擬
SIM-2025-PHK-CER-2,PHK,秋季 御窯菁華－中國古代陶瓷（模擬場次）,2025-12-14,香港,陶瓷器,模擬
SIM-2025-BPL-PAI-2,BPL,秋季 中國古代書畫（模擬場次）,2025-12-20,北京,繪畫,模擬
SIM-2025-YIA-BRO-2,YIA,秋季 吉金永寶－重要青銅器（模擬場次）,2025-12-20,橫濱,銅器,模擬
SIM-2025-YON-CER-2,YON,秋季 中國藝術珍品－瓷器專場（模擬場次）,2025-12-20,北京,陶瓷器,模擬
SIM-2025-DIT-JAD-2,DIT,秋季 中國藝術珍品－玉器專場（模擬場次）,2025-12-21,台北,玉器,模擬
SIM-2025-YIA-JAD-2,YIA,秋季 韞玉生輝－中國古代玉器（模擬場次）,2025-12-21,橫濱,玉器,模擬
SIM-2025-CGH-BRO-2,CGH,秋季 中國藝術珍品－青銅器專場（模擬場次）,2025-12-27,香港,銅器,模擬
SIM-2025-CHR-CER-2,CHR,秋季 中國藝術珍品－瓷器專場（模擬場次）,2025-12-27,香港,陶瓷器,模擬
SIM-2025-DIT-CAL-2,DIT,秋季 中國書畫珍藏（模擬場次）,2025-12-28,台北,法書,模擬
