category,subcategory,image_url,title_zh,era_or_artist,auction_house,auction_event,auction_date,auction_location,lot_number,size_text,estimate_low,estimate_high,sold_price,currency,sale_status,lot_id,event_id,auction_house_id,artist_name,era_name,attribution_status
玉器,玉佩／玉飾,https://digitalarchive.npm.gov.tw/Image/GetImage?ImageId=110420&randomCode=64542096202,玉耳飾,戰國至西漢,佳士得,春季 中國藝術珍品－玉器專場（模擬場次）,2020-03-15,香港,0001,最小徑1.2公分 最大徑5.6公分,15600000,22300000,,RMB,撤拍,LOT-95EE59F7E5FC,SIM-2020-CHR-JAD-1,CHR,,戰國至西漢,僅有年代
繪畫,山水,https://digitalarchive.npm.gov.tw/Image/GetImage?ImageId=627825&randomCode=1766577507,清惲壽平山水　冊　水村漁樂,惲壽平,西泠印社,秋季 中國近現代書畫（模擬場次）,2023-09-02,杭州,0001,28.7x45.4,63000,93000,59000,RMB,成交,LOT-DE59E4D5F4D9,SIM-2023-XLY-PAI-2,XLY,惲壽平,清聖祖康熙二十六年（1687）,已解析作者
陶瓷器,青瓷／青釉,https://digitalarchive.npm.gov.tw/Image/GetImage?ImageId=2642280&randomCode=1850442337,冬青釉暗花碗,不詳,保利香港,春季 中國藝術珍品－瓷器專場（模擬場次）,2024-06-22,香港,0001,高6公分 口徑15.1公分 底徑5.1公分,100000,120000,140000,RMB,成交,LOT-CD05F813E22A,SIM-2024-PHK-CER-1,PHK,,,資料不詳
銅器,銅印,https://digitalarchive.npm.gov.tw/Image/GetImage?ImageId=30528&randomCode=1987741334,「郭可印」銅印,待訂,永樂拍賣,秋季 吉金永寶－重要青銅器（模擬場次）,2021-10-02,北京,0001,印面長1.6公分 寬1.5公分,1500000,2250000,2200000,RMB,成交,LOT-25C0E1E88065,SIM-2021-YON-BRO-2,YON,,待訂,需要確認
法書,行書,https://digitalarchive.npm.gov.tw/Image/GetImage?ImageId=432272&randomCode=83581892432,清錢灃行書詩　軸,錢灃,西泠印社,秋季 中國古代書法（模擬場次）,2022-10-23,杭州,0001,110.4x46.3,78000,96000,160000,RMB,成交,LOT-094CF3A9A6F7,SIM-2022-XLY-CAL-2,XLY,錢灃,,已解析作者
玉器,玉器皿,https://digitalarchive.npm.gov.tw/Image/GetImage?ImageId=168519&randomCode=54536108182,玉「楓林停車」筆筒,清,宇珍,春季 中國藝術珍品－玉器專場（模擬場次）,2025-03-16,台北,0001,高14.0公分,500000,720000,,RMB,流拍,LOT-E589FAC87B0A,SIM-2025-YZH-JAD-1,YZH,,清,僅有年代
繪畫,人物,https://digitalarchive.npm.gov.tw/Image/GetImage?ImageId=904404&randomCode=377170627,元趙孟頫畫藥師如來像　軸,趙孟頫,橫濱國拍,春季 中國近現代書畫（模擬場次）,2023-04-01,橫濱,0001,133x51,8800000,11900000,11500000,RMB,成交,LOT-1F7250A648AB,SIM-2023-YIA-PAI-1,YIA,趙孟頫,,已解析作者
銅器,銅鏡,https://digitalarchive.npm.gov.tw/Image/GetImage?ImageId=896&randomCode=2123309626,長宜子孫鏡,宋,東京飛鳥,秋季 中國藝術珍品－青銅器專場（模擬場次）,2021-11-20,東京,0001,直徑17.6公分,430000,600000,,RMB,流拍,LOT-4AE99D637646,SIM-2021-TFA-BRO-2,TFA,,宋,僅有年代
玉器,其他玉器,https://digitalarchive.npm.gov.tw/Image/GetImage?ImageId=139954&randomCode=79743733905,玉籽料,清,宇珍,春季 瑰麗玉器與宮廷藝術（模擬場次）,2023-06-03,台北,0001,長5.0公分 寬6.0公分 高5.0公分,5850000,8750000,,RMB,流拍,LOT-DD11DA704397,SIM-2023-YZH-JAD-1,YZH,,清,僅有年代
法書,其他法書,https://digitalarchive.npm.gov.tw/Image/GetImage?ImageId=532576&randomCode=66760331235,清曹文埴書妙法蓮華經（六）　冊,曹文埴,中國嘉德（香港）,秋季 中國書畫珍藏（模擬場次）,2022-09-03,香港,0001,31.7x25.3,150000,230000,180000,RMB,成交,LOT-0CADA2D98B1D,SIM-2022-CGH-CAL-2,CGH,曹文埴,,已解析作者
陶瓷器,鬥彩,https://digitalarchive.npm.gov.tw/Image/GetImage?ImageId=315420&randomCode=94462202314,鬥彩團菊紋蓋罐,清 乾隆,佳士得,秋季 重要中國瓷器及工藝精品（模擬場次）,2023-09-03,香港,0001,高12.0公分 口徑5.3公分 底徑6.2公分,220000,320000,300000,RMB,成交,LOT-ADB5AA0E7C1C,SIM-2023-CHR-CER-2,CHR,,清 乾隆,僅有年代
繪畫,其他繪畫,https://digitalarchive.npm.gov.tw/Image/GetImage?ImageId=494492&randomCode=32771804013,元人天中佳景　軸,不詳,蘇富比,春季 翰墨丹青－中國繪畫專場（模擬場次）,2021-03-13,香港,0001,108.2x63.5,250000,310000,290000,RMB,成交,LOT-54E6212BA2E1,SIM-2021-SOT-PAI-1,SOT,,,資料不詳
銅器,其他銅器,https://digitalarchive.npm.gov.tw/Image/GetImage?ImageId=1156190&randomCode=666118600,銅鍍金嵌料石八吉祥-蓮花,清,中國嘉德（香港）,秋季 吉金永寶－重要青銅器（模擬場次）,2024-12-01,香港,0001,高20.1公分 底徑6.7公分,3350000,5400000,3400000,RMB,成交,LOT-B826F27EE99F,SIM-2024-CGH-BRO-2,CGH,,清,僅有年代
繪畫,山水,https://digitalarchive.npm.gov.tw/Image/GetImage?ImageId=0&randomCode=0,民國江兆申山居小景　軸,不詳,中國嘉德（香港）,秋季 翰墨丹青－中國繪畫專場（模擬場次）,2022-10-29,香港,0001,49.2x61,500000,610000,520000,RMB,成交,LOT-F6DA9127D6B0,SIM-2022-CGH-PAI-2,CGH,,,資料不詳
繪畫,其他繪畫,https://digitalarchive.npm.gov.tw/Image/GetImage?ImageId=586053&randomCode=50614015766,清董誥畫二十四番花信風圖　冊　立春一候迎春,董誥,北京保利,春季 中國古代書畫（模擬場次）,2020-05-24,北京,0001,20x14.2,180000,290000,600000,RMB,成交,LOT-FEFAA52AF29B,SIM-2020-BPL-PAI-1,BPL,董誥,,已解析作者
繪畫,其他繪畫,https://digitalarchive.npm.gov.tw/Image/GetImage?ImageId=632371&randomCode=703472083,集古名繪　冊　宋李唐江干蕭寺,不詳,永樂拍賣,春季 中國古代書畫（模擬場次）,2021-04-24,北京,0001,27.4x22,160000,220000,200000,RMB,成交,LOT-F4D499DC7782,SIM-2021-YON-PAI-1,YON,,,資料不詳
法書,書札／信函,https://digitalarchive.npm.gov.tw/Image/GetImage?ImageId=1152662&randomCode=1907506027,清汪桂月致師母五月廿五日函,汪桂月,中國嘉德,春季 中國書畫珍藏（模擬場次）,2024-06-22,北京,0001,19.4x11.5,180000,230000,,RMB,流拍,LOT-CB4D1F0AB1BF,SIM-2024-CGD-CAL-1,CGD,汪桂月,,已解析作者
陶瓷器,青瓷／青釉,https://digitalarchive.npm.gov.tw/Image/GetImage?ImageId=321717&randomCode=59958717373,青瓷貫耳瓶,明至清,北京保利,春季 御窯菁華－中國古代陶瓷（模擬場次）,2024-06-29,北京,0001,高21.5公分 口徑7.5公分 底徑7.3公分,1000000,1450000,1450000,RMB,成交,LOT-05E97BA9B506,SIM-2024-BPL-CER-1,BPL,,明至清,僅有年代
繪畫,其他繪畫,https://digitalarchive.npm.gov.tw/Image/GetImage?ImageId=0&randomCode=0,民國當代名家書畫冊　冊　李靈伽荔枝,中華民國五十四年（1965）,西泠印社,春季 翰墨丹青－中國繪畫專場（模擬場次）,2022-04-02,杭州,0001,29.8x30,130000,160000,,RMB,流拍,LOT-1732E72FA3C5,SIM-2022-XLY-PAI-1,XLY,,中華民國五十四年（1965）,僅有年代
銅器,佛教造像,https://digitalarchive.npm.gov.tw/Image/GetImage?ImageId=1305994&randomCode=1029941652,青銅鎏金菩薩半跏倚坐像,明,永樂拍賣,秋季 中國藝術珍品－青銅器專場（模擬場次）,2022-10-02,北京,0001,高19.5公分,1400000,2400000,1250000,RMB,成交,LOT-62164D9AA68C,SIM-2022-YON-BRO-2,YON,,明,僅有年代
法書,行書,https://digitalarchive.npm.gov.tw/Image/GetImage?ImageId=431644&randomCode=60968094973,民國溥儒行書銀河洞詩　軸,溥儒,東京中央,春季 翰墨流芳－歷代法書（模擬場次）,2025-04-12,東京,0001,132.3x32.3,3550000,4450000,3850000,RMB,成交,LOT-DC1CC57C3C36,SIM-2025-TCA-CAL-1,TCA,溥儒,,已解析作者
法書,書札／信函,https://digitalarchive.npm.gov.tw/Image/GetImage?ImageId=1188780&randomCode=1345690765,清馮煦致年伯九月十八日函,馮煦,邦瀚斯,秋季 中國書畫珍藏（模擬場次）,2021-12-19,香港,0001,22.2x12.5,23000,37000,23000,RMB,成交,LOT-BC9B818252DB,SIM-2021-BON-CAL-2,BON,馮煦,,已解析作者
玉器,玉佩／玉飾,https://digitalarchive.npm.gov.tw/Image/GetImage?ImageId=423225&randomCode=61580723738,玉囍字腰結,不詳,華藝國際（廣州）,春季 韞玉生輝－中國古代玉器（模擬場次）,2023-05-06,廣州,0001,,1500000,1800000,1850000,RMB,成交,LOT-615A0B13BC47,SIM-2023-HYG-JAD-1,HYG,,,資料不詳
法書,其他法書,https://digitalarchive.npm.gov.tw/Image/GetImage?ImageId=387942&randomCode=86194415884,清董誥書佛說妙法蓮華經（六）　冊,董誥,華藝國際（廣州）,秋季 翰墨流芳－歷代法書（模擬場次）,2025-11-09,廣州,0001,24.55x19.4,120000,160000,130000,RMB,成交,LOT-B40BB22E657E,SIM-2025-HYG-CAL-2,HYG,董誥,,已解析作者
銅器,鐘／樂器,https://digitalarchive.npm.gov.tw/Image/GetImage?ImageId=363077&randomCode=14947463386,子犯龢鐘,春秋中期,華藝國際（廣州）,秋季 中國古代青銅器藝術（模擬場次）,2024-10-13,廣州,0001,高61.5公分 長35.4公分 寬24.6公分,13700000,17700000,,RMB,流拍,LOT-F0F0A4ACAE85,SIM-2024-HYG-BRO-2,HYG,,春秋中期,僅有年代
陶瓷器,青花,https://digitalarchive.npm.gov.tw/Image/GetImage?ImageId=1074059&randomCode=1659541060,青花梵文盤,不詳,中國嘉德,春季 重要中國瓷器及工藝精品（模擬場次）,2022-03-19,北京,0001,高3.3公分 口徑15.5公分 底徑9.2公分,10100000,17600000,12400000,RMB,成交,LOT-72A81CB2AB74,SIM-2022-CGD-CER-1,CGD,,,資料不詳
玉器,其他玉器,https://digitalarchive.npm.gov.tw/Image/GetImage?ImageId=112143&randomCode=72292789135,白化玉戈,西周,蘇富比,春季 韞玉生輝－中國古代玉器（模擬場次）,2020-03-01,香港,0001,長7.6公分 寬0.9公分 厚0.2公分,100000,170000,140000,RMB,成交,LOT-A510F6A39FA7,SIM-2020-SOT-JAD-1,SOT,,西周,僅有年代
繪畫,其他繪畫,https://digitalarchive.npm.gov.tw/Image/GetImage?ImageId=589362&randomCode=81641249528,名人書畫貳冊（上）　冊　南朝梁張僧繇畫謝靈運詩意（二）,張僧繇,中國嘉德,秋季 中國近現代書畫（模擬場次）,2025-10-25,北京,0001,25.2x30.8,8300000,11200000,9050000,RMB,成交,LOT-CEFA29B728B4,SIM-2025-CGD-PAI-2,CGD,張僧繇,,已解析作者
銅器,其他銅器,https://digitalarchive.npm.gov.tw/Image/GetImage?ImageId=335722&randomCode=1049483746,銅鈁,時代待訂,橫濱國拍,春季 中國藝術珍品－青銅器專場（模擬場次）,2021-03-21,橫濱,0001,高19.2公分,3300000,5250000,5150000,RMB,成交,LOT-686576157904,SIM-2021-YIA-BRO-1,YIA,,時代待訂,需要確認
玉器,其他玉器,https://digitalarchive.npm.gov.tw/Image/GetImage?ImageId=645242&randomCode=73872675,玉雙鵪鶉,明,北京保利,春季 瑰麗玉器與宮廷藝術（模擬場次）,2020-05-23,北京,0001,長7.1公分 寬3.2公分 高3.2公分,30000,36000,,RMB,流拍,LOT-80BD9928F0B8,SIM-2020-BPL-JAD-1,BPL,,明,僅有年代
玉器,玉璧,https://digitalarchive.npm.gov.tw/Image/GetImage?ImageId=0&randomCode=0,多聯璧,不詳,東京飛鳥,秋季 韞玉生輝－中國古代玉器（模擬場次）,2023-10-15,東京,0001,徑22.8 厚約0.6公分,500000,870000,,RMB,流拍,LOT-E11413A2A245,SIM-2023-TFA-JAD-2,TFA,,,資料不詳
繪畫,其他繪畫,https://digitalarchive.npm.gov.tw/Image/GetImage?ImageId=635188&randomCode=1131617871,宋劉松年真蹟　冊　晏坐看山,劉松年,保利香港,春季 中國古代書畫（模擬場次）,2022-04-02,香港,0001,12.6x23.3,7750000,10900000,7350000,RMB,成交,LOT-061FEB863D21,SIM-2022-PHK-PAI-1,PHK,劉松年,,已解析作者
繪畫,其他繪畫,https://digitalarchive.npm.gov.tw/Image/GetImage?ImageId=590090&randomCode=85345103010,明人扇頭畫　冊　明董其昌秋林策杖,不詳,蘇富比,春季 翰墨丹青－中國繪畫專場（模擬場次）,2021-03-13,香港,0002,17.5x52.3,740000,1100000,750000,RMB,成交,LOT-EA117F2BE61B,SIM-2021-SOT-PAI-1,SOT,,,資料不詳
玉器,玉璜,https://digitalarchive.npm.gov.tw/Image/GetImage?ImageId=0&randomCode=0,玉璜,不詳,佳士得,春季 中國藝術珍品－玉器專場（模擬場次）,2020-03-15,香港,0002,長4.7 寬1.7 厚0.2公分,390000,620000,,RMB,流拍,LOT-121EF484508F,SIM-2020-CHR-JAD-1,CHR,,,資料不詳
法書,行草書,https://digitalarchive.npm.gov.tw/Image/GetImage?ImageId=603221&randomCode=88286321919,明祝允明詩翰　卷　行草書樂府一首,祝允明,蘇富比,秋季 中國書畫珍藏（模擬場次）,2020-11-07,香港,0001,24.3x44.9,5250000,8300000,4350000,RMB,成交,LOT-B1D7340BF8DF,SIM-2020-SOT-CAL-2,SOT,祝允明,明武宗正德元年（1506）,已解析作者
陶瓷器,青花,https://digitalarchive.npm.gov.tw/Image/GetImage?ImageId=1225353&randomCode=1108446254,青花花果紋天球瓶,清 雍正,蘇富比,秋季 御窯菁華－中國古代陶瓷（模擬場次）,2022-10-08,香港,0001,高51.9公分 口徑12.4公分 底徑19.5公分,1000000,1650000,1400000,RMB,成交,LOT-BB77D0841222,SIM-2022-SOT-CER-2,SOT,,清 雍正,僅有年代
玉器,其他玉器,https://digitalarchive.npm.gov.tw/Image/GetImage?ImageId=169467&randomCode=2075067574,獸紋提攜,元至明早期,帝圖,春季 中國藝術珍品－玉器專場（模擬場次）,2020-04-12,台北,0001,全高5.2公分 寬5.1公分,620000,960000,,RMB,流拍,LOT-822ACDA1B54E,SIM-2020-DIT-JAD-1,DIT,,元至明早期,僅有年代
繪畫,花鳥,https://digitalarchive.npm.gov.tw/Image/GetImage?ImageId=0&randomCode=0,民國黃君璧花卉四屏　鏡片　荷花,黃君璧,保利香港,春季 中國古代書畫（模擬場次）,2025-06-22,香港,0001,171x45,75000,130000,200000,RMB,成交,LOT-B3E5CC683515,SIM-2025-PHK-PAI-1,PHK,黃君璧,,已解析作者
陶瓷器,青花,https://digitalarchive.npm.gov.tw/Image/GetImage?ImageId=1738567&randomCode=1060204202,青花四季花卉紋碗,明,東京中央,春季 重要中國瓷器及工藝精品（模擬場次）,2021-05-29,東京,0001,高9.3公分 口徑19.3公分 底徑9.0公分,1700000,2650000,,RMB,流拍,LOT-AB32F878AD4A,SIM-2021-TCA-CER-1,TCA,,明,僅有年代
繪畫,其他繪畫,https://digitalarchive.npm.gov.tw/Image/GetImage?ImageId=516025&randomCode=28688717919,清錢慧安瑤仙獻瑞　軸,清德宗光緒十一年（1885）,北京保利,春季 中國古代書畫（模擬場次）,2020-05-24,北京,0002,244.2x121.2,1550000,2450000,2000000,RMB,成交,LOT-C9B843F88699,SIM-2020-BPL-PAI-1,BPL,,清德宗光緒十一年（1885）,僅有年代
銅器,銅鏡,https://digitalarchive.npm.gov.tw/Image/GetImage?ImageId=839&randomCode=1359872631,連弧紋鏡,漢,永樂拍賣,秋季 吉金永寶－重要青銅器（模擬場次）,2021-10-02,北京,0002,直徑8.5公分,3300000,5550000,7050000,RMB,成交,LOT-9F3F18FF95B3,SIM-2021-YON-BRO-2,YON,,漢,僅有年代
銅器,銅印,https://digitalarchive.npm.gov.tw/Image/GetImage?ImageId=30813&randomCode=53009167261,「張惲之印」銅印,新莽,東京中央,秋季 吉金永寶－重要青銅器（模擬場次）,2024-11-09,東京,0001,長2.3公分 寬2.28公分 高2.18公分,790000,1000000,,RMB,流拍,LOT-FFBE96C948B6,SIM-2024-TCA-BRO-2,TCA,,新莽,僅有年代
繪畫,其他繪畫,https://digitalarchive.npm.gov.tw/Image/GetImage?ImageId=509244&randomCode=46780343248,清張熊杏林春燕　冊頁,不詳,西泠印社,秋季 中國近現代書畫（模擬場次）,2023-09-02,杭州,0002,31.4x41.2,46000,68000,120000,RMB,成交,LOT-8978B8AEB560,SIM-2023-XLY-PAI-2,XLY,,,資料不詳
繪畫,花鳥,https://digitalarchive.npm.gov.tw/Image/GetImage?ImageId=508954&randomCode=33108426497,清釋達受花卉　冊　五,釋達受,永樂拍賣,秋季 中國近現代書畫（模擬場次）,2024-12-22,北京,0001,24.3x12.6,78000,130000,110000,RMB,成交,LOT-0CE82D6CA3AA,SIM-2024-YON-PAI-2,YON,釋達受,,已解析作者
銅器,銅印,https://digitalarchive.npm.gov.tw/Image/GetImage?ImageId=38144&randomCode=685660694,「私□」銅印,漢,蘇富比,秋季 吉金永寶－重要青銅器（模擬場次）,2025-09-06,香港,0001,長1.2公分,1400000,2300000,,RMB,流拍,LOT-555A8A42329C,SIM-2025-SOT-BRO-2,SOT,,漢,僅有年代
法書,行書,https://digitalarchive.npm.gov.tw/Image/GetImage?ImageId=437989&randomCode=59130046640,清翁同龢行書五言聯　軸,翁同龢,西泠印社,秋季 翰墨流芳－歷代法書（模擬場次）,2020-09-06,杭州,0001,149x40.6,3300000,4450000,6100000,RMB,成交,LOT-C3C153063C8E,SIM-2020-XLY-CAL-2,XLY,翁同龢,,已解析作者
玉器,其他玉器,https://digitalarchive.npm.gov.tw/Image/GetImage?ImageId=0&randomCode=0,石鑿,不詳,東京中央,春季 韞玉生輝－中國古代玉器（模擬場次）,2022-05-14,東京,0001,長10.0公分,380000,490000,,RMB,流拍,LOT-D9F214CD1DA3,SIM-2022-TCA-JAD-1,TCA,,,資料不詳
繪畫,其他繪畫,https://digitalarchive.npm.gov.tw/Image/GetImage?ImageId=586185&randomCode=14712840601,清戴衢亨中天臚勝　冊,不詳,華藝國際（廣州）,春季 中國古代書畫（模擬場次）,2022-06-04,廣州,0001,22.4x39.3,190000,260000,180000,RMB,成交,LOT-C4331692B796,SIM-2022-HYG-PAI-1,HYG,,,資料不詳
繪畫,走獸／蟲魚,https://digitalarchive.npm.gov.tw/Image/GetImage?ImageId=588190&randomCode=71341765942,清蔣廷錫張照書畫合璧　冊　牽牛花開,不詳,保利香港,春季 中國近現代書畫（模擬場次）,2020-06-06,香港,0001,,800000,1300000,3050000,RMB,成交,LOT-5781FA6D0680,SIM-2020-PHK-PAI-1,PHK,,,資料不詳
玉器,玉印,https://digitalarchive.npm.gov.tw/Image/GetImage?ImageId=180477&randomCode=63281037676,青田石「大千父」印,民國六十九年,帝圖,春季 瑰麗玉器與宮廷藝術（模擬場次）,2024-03-16,台北,0001,長2.0公分 寬1.9公分 高9.0公分,1100000,1600000,,RMB,流拍,LOT-FFC3C11B05DC,SIM-2024-DIT-JAD-1,DIT,,民國六十九年,僅有年代
陶瓷器,白瓷／白釉,https://digitalarchive.npm.gov.tw/Image/GetImage?ImageId=1815423&randomCode=2082326620,甜白釉番蓮紋高足碗,清 乾隆,華藝國際（廣州）,秋季 重要中國瓷器及工藝精品（模擬場次）,2024-12-22,廣州,0001,高9.7公分 口徑14.6公分 底徑4.1公分,620000,890000,,RMB,流拍,LOT-106A453E1C38,SIM-2024-HYG-CER-2,HYG,,清 乾隆,僅有年代
銅器,壺／瓶,https://digitalarchive.npm.gov.tw/Image/GetImage?ImageId=319183&randomCode=2037714091,弦紋壺,清,橫濱國拍,春季 中國古代青銅器藝術（模擬場次）,2025-04-13,橫濱,0001,高5.2公分 口徑3.2公分,32700000,49900000,53800000,RMB,成交,LOT-2A7F0043D4E9,SIM-2025-YIA-BRO-1,YIA,,清,僅有年代
銅器,其他銅器,https://digitalarchive.npm.gov.tw/Image/GetImage?ImageId=1180327&randomCode=2019902702,銅鍍金嵌料法輪,清,中國嘉德,秋季 吉金永寶－重要青銅器（模擬場次）,2022-11-06,北京,0001,高27.8公分,2350000,3000000,2300000,RMB,成交,LOT-703A111E4CD2,SIM-2022-CGD-BRO-2,CGD,,清,僅有年代
陶瓷器,紅釉／紅彩,https://digitalarchive.npm.gov.tw/Image/GetImage?ImageId=608470&randomCode=1839721881,胭脂紅彩杯,清 康熙,中國嘉德,秋季 重要中國瓷器及工藝精品（模擬場次）,2021-11-06,北京,0001,高5.3公分 口徑5.6公分 底徑2.5公分,3700000,6300000,13300000,RMB,成交,LOT-BD57F55647A0,SIM-2021-CGD-CER-2,CGD,,清 康熙,僅有年代
法書,法帖,https://digitalarchive.npm.gov.tw/Image/GetImage?ImageId=529846&randomCode=76298835017,清王澍書積書巖帖（十五）　冊　臨王羲之三帖,王澍,中國嘉德（香港）,秋季 中國古代書法（模擬場次）,2023-12-17,香港,0001,25.8x12.5,20000,32000,26000,RMB,成交,LOT-F7EC4CE52730,SIM-2023-CGH-CAL-2,CGH,王澍,,已解析作者
法書,書札／信函,https://digitalarchive.npm.gov.tw/Image/GetImage?ImageId=1188577&randomCode=644677688,清潘曾瑋致芝田二月朔日函,潘曾瑋,中國嘉德（香港）,春季 中國古代書法（模擬場次）,2024-04-28,香港,0001,23x12.4,160000,280000,510000,RMB,成交,LOT-CA544B0D824A,SIM-2024-CGH-CAL-1,CGH,潘曾瑋,,已解析作者
陶瓷器,其他陶瓷,https://digitalarchive.npm.gov.tw/Image/GetImage?ImageId=377208&randomCode=20248859059,瓷扳指,清 乾隆,西泠印社,秋季 中國藝術珍品－瓷器專場（模擬場次）,2024-09-07,杭州,0001,高2.5公分 口徑2.3公分 底徑2.8公分,3400000,4050000,3550000,RMB,成交,LOT-C364626A2E7E,SIM-2024-XLY-CER-2,XLY,,清 乾隆,僅有年代
法書,書札／信函,https://digitalarchive.npm.gov.tw/Image/GetImage?ImageId=1149879&randomCode=589344703,清倪文蔚致叔起四月十日函,倪文蔚,永樂拍賣,秋季 中國書畫珍藏（模擬場次）,2022-12-31,北京,0001,23.8x12.5,130000,180000,130000,RMB,成交,LOT-F65BEE61DDCC,SIM-2022-YON-CAL-2,YON,倪文蔚,,已解析作者
繪畫,山水,https://digitalarchive.npm.gov.tw/Image/GetImage?ImageId=584358&randomCode=53514172880,清吳暻山水　冊　層巖積秀,吳暻,北京保利,秋季 中國古代書畫（模擬場次）,2025-12-20,北京,0001,35.9x29.6,900000,1200000,2000000,RMB,成交,LOT-1D44805CC62F,SIM-2025-BPL-PAI-2,BPL,吳暻,,已解析作者
繪畫,花鳥,https://digitalarchive.npm.gov.tw/Image/GetImage?ImageId=563942&randomCode=50428220116,元倪瓚水竹居圖　卷,元順帝至正二十二年（1362）,中國嘉德,春季 中國近現代書畫（模擬場次）,2023-06-04,北京,0001,23.3x141,1550000,2550000,3850000,RMB,成交,LOT-11A240D90239,SIM-2023-CGD-PAI-1,CGD,,元順帝至正二十二年（1362）,僅有年代
銅器,壺／瓶,https://digitalarchive.npm.gov.tw/Image/GetImage?ImageId=7720&randomCode=1612727199,蒜頭瓶,漢,橫濱國拍,秋季 吉金永寶－重要青銅器（模擬場次）,2022-11-19,橫濱,0001,高37.2公分 口徑3.3公分 腹徑22.3公分 底徑10.9公分 腹深35.3公分,23100000,31600000,,RMB,流拍,LOT-FEFED1DFD650,SIM-2022-YIA-BRO-2,YIA,,漢,僅有年代
陶瓷器,其他陶瓷,https://digitalarchive.npm.gov.tw/Image/GetImage?ImageId=0&randomCode=0,綠地紫彩雙龍戲珠紋碗,不詳,保利香港,春季 御窯菁華－中國古代陶瓷（模擬場次）,2020-05-02,香港,0001,高5.5公分 口徑11公分 底徑4.3公分,2100000,2600000,1850000,RMB,成交,LOT-76A0A38564A6,SIM-2020-PHK-CER-1,PHK,,,資料不詳
繪畫,花鳥,https://digitalarchive.npm.gov.tw/Image/GetImage?ImageId=566206&randomCode=88564949161,元吳鎮墨竹　冊　墨竹（六）,吳鎮,西泠印社,春季 翰墨丹青－中國繪畫專場（模擬場次）,2025-03-08,杭州,0001,34.3x44.3,360000,490000,460000,RMB,成交,LOT-E9CE95966CF9,SIM-2025-XLY-PAI-1,XLY,吳鎮,至正八年（1348）,已解析作者
玉器,玉器皿,https://digitalarchive.npm.gov.tw/Image/GetImage?ImageId=517811&randomCode=1440107938,玉魚形盒,遼,東京中央,秋季 瑰麗玉器與宮廷藝術（模擬場次）,2020-10-11,東京,0001,長8.0公分,350000,510000,,RMB,流拍,LOT-83D5F36F8782,SIM-2020-TCA-JAD-2,TCA,,遼,僅有年代
陶瓷器,青花,https://digitalarchive.npm.gov.tw/Image/GetImage?ImageId=173534&randomCode=1311798692,青花纏枝花卉紋蓮花式盤,明 永樂,華藝國際（廣州）,秋季 重要中國瓷器及工藝精品（模擬場次）,2021-12-26,廣州,0001,高6.9公分 口徑37.7公分 底徑24.6公分,470000,800000,710000,RMB,成交,LOT-5928E96D5503,SIM-2021-HYG-CER-2,HYG,,明 永樂,僅有年代
玉器,其他玉器,https://digitalarchive.npm.gov.tw/Image/GetImage?ImageId=0&randomCode=0,石帶刃器,不詳,保利香港,秋季 瑰麗玉器與宮廷藝術（模擬場次）,2021-09-26,香港,0001,長8.9 寬4.3 厚1.4公分,15100000,25900000,24800000,RMB,成交,LOT-D7E5FC53B40A,SIM-2021-PHK-JAD-2,PHK,,,資料不詳
陶瓷器,白瓷／白釉,https://digitalarchive.npm.gov.tw/Image/GetImage?ImageId=402097&randomCode=2082326620,北方窯 白瓷劃花牡丹紋圓洗,北宋,邦瀚斯,春季 重要中國瓷器及工藝精品（模擬場次）,2023-04-08,香港,0001,高9.5公分 口徑32.3公分,480000,590000,500000,RMB,成交,LOT-6ED405C024B1,SIM-2023-BON-CER-1,BON,,北宋,僅有年代
玉器,玉器皿,https://digitalarchive.npm.gov.tw/Image/GetImage?ImageId=152272&randomCode=81261232230,玉鳳柄洗,明,西泠印社,春季 瑰麗玉器與宮廷藝術（模擬場次）,2020-05-03,杭州,0001,寬8公分 高7.0公分 口徑5.6公分,290000,490000,270000,RMB,成交,LOT-0FB6A6946D9C,SIM-2020-XLY-JAD-1,XLY,,明,僅有年代
陶瓷器,其他陶瓷,https://digitalarchive.npm.gov.tw/Image/GetImage?ImageId=1245246&randomCode=719552767,灰陶案,漢,東京飛鳥,春季 中國藝術珍品－瓷器專場（模擬場次）,2025-05-03,東京,0001,長37.0公分 寬27.0公分 高1.6公分,1400000,1900000,1600000,RMB,成交,LOT-142A61BEC002,SIM-2025-TFA-CER-1,TFA,,漢,僅有年代
銅器,鼎,https://digitalarchive.npm.gov.tw/Image/GetImage?ImageId=68223&randomCode=482308256,亞鼎,商晚期,東京中央,秋季 中國藝術珍品－青銅器專場（模擬場次）,2025-09-21,東京,0001,高18.4公分,1150000,1550000,6050000,RMB,成交,LOT-D74A764CBE14,SIM-2025-TCA-BRO-2,TCA,,商晚期,僅有年代
陶瓷器,青花,https://digitalarchive.npm.gov.tw/Image/GetImage?ImageId=891207&randomCode=1013860968,青花如意雲紋碟,不詳,蘇富比,秋季 重要中國瓷器及工藝精品（模擬場次）,2021-12-26,香港,0001,高3.5公分 口徑14.5公分 底徑8.5公分,290000,380000,280000,RMB,成交,LOT-58DB1909E768,SIM-2021-SOT-CER-2,SOT,,,資料不詳
銅器,簋／簠／豆,https://digitalarchive.npm.gov.tw/Image/GetImage?ImageId=376328&randomCode=512738919,𬹜簋,西周中期,東京飛鳥,春季 中國藝術珍品－青銅器專場（模擬場次）,2022-05-07,東京,0001,通蓋高21.4公分 腹深11.8公分 口徑16.5公分 底徑18.3公分 腹圍68.6公分,79000,94000,93000,RMB,成交,LOT-24D7B704A567,SIM-2022-TFA-BRO-1,TFA,,西周中期,僅有年代
銅器,銅印,https://digitalarchive.npm.gov.tw/Image/GetImage?ImageId=29884&randomCode=122114727,「賈遂成印」銅印,待訂,帝圖,春季 中國古代青銅器藝術（模擬場次）,2021-04-10,台北,0001,長1.7公分,5000000,8150000,16200000,RMB,成交,LOT-18DC5E9F2DED,SIM-2021-DIT-BRO-1,DIT,,待訂,需要確認
玉器,玉佩／玉飾,https://digitalarchive.npm.gov.tw/Image/GetImage?ImageId=382708&randomCode=74151952353,翠玉墜,清,帝圖,秋季 韞玉生輝－中國古代玉器（模擬場次）,2021-09-25,台北,0001,待測量,420000,650000,560000,RMB,成交,LOT-6672365DDB4E,SIM-2021-DIT-JAD-2,DIT,,清,僅有年代
銅器,銅鏡,https://digitalarchive.npm.gov.tw/Image/GetImage?ImageId=586&randomCode=1120897415,小鉛鏡,漢,東京飛鳥,春季 中國藝術珍品－青銅器專場（模擬場次）,2025-05-18,東京,0001,直徑6.8公分,370000,590000,480000,RMB,成交,LOT-983C0D24C8B2,SIM-2025-TFA-BRO-1,TFA,,漢,僅有年代
陶瓷器,青花,https://digitalarchive.npm.gov.tw/Image/GetImage?ImageId=439707&randomCode=411062700,青花御製詩三清茶詩茶碗,不詳,華藝國際（廣州）,秋季 御窯菁華－中國古代陶瓷（模擬場次）,2022-12-24,廣州,0001,高5.4公分 口徑10.9公分 底徑4.7公分,1100000,1800000,1750000,RMB,成交,LOT-3E654C5D5E08,SIM-2022-HYG-CER-2,HYG,,,資料不詳
銅器,其他銅器,https://digitalarchive.npm.gov.tw/Image/GetImage?ImageId=1180389&randomCode=286214864,銅鍍金嵌料法輪,清,宇珍,秋季 吉金永寶－重要青銅器（模擬場次）,2023-11-04,台北,0001,高30.6公分,3700000,4650000,4400000,RMB,成交,LOT-8128C01CFCCF,SIM-2023-YZH-BRO-2,YZH,,清,僅有年代
法書,其他法書,https://digitalarchive.npm.gov.tw/Image/GetImage?ImageId=523440&randomCode=85683330367,元明書翰第十一冊　冊　明祝允明書袁昂評鍾書　,祝允明,東京中央,秋季 翰墨流芳－歷代法書（模擬場次）,2024-09-29,東京,0001,,480000,780000,740000,RMB,成交,LOT-3983C87F3977,SIM-2024-TCA-CAL-2,TCA,祝允明,明憲宗成化八年（1472）,已解析作者
陶瓷器,白瓷／白釉,https://digitalarchive.npm.gov.tw/Image/GetImage?ImageId=1733542&randomCode=1836092358,甜白釉盤,明,永樂拍賣,秋季 重要中國瓷器及工藝精品（模擬場次）,2020-11-28,北京,0001,高5.0公分 口徑23.5公分 底徑14.8公分,490000,820000,1700000,RMB,成交,LOT-86BE921A3431,SIM-2020-YON-CER-2,YON,,明,僅有年代
玉器,玉璜,https://digitalarchive.npm.gov.tw/Image/GetImage?ImageId=931949&randomCode=808777825,玉虎形璜,漢,蘇富比,春季 中國藝術珍品－玉器專場（模擬場次）,2021-04-11,香港,0001,長6.6公分,580000,700000,630000,RMB,成交,LOT-27686934DDA9,SIM-2021-SOT-JAD-1,SOT,,漢,僅有年代
陶瓷器,粉彩,https://digitalarchive.npm.gov.tw/Image/GetImage?ImageId=291173&randomCode=56241154511,粉彩花卉紋扳指,清 乾隆,佳士得,春季 御窯菁華－中國古代陶瓷（模擬場次）,2022-05-01,香港,0001,高2.5公分 口徑3.0公分,1900000,2700000,7900000,RMB,成交,LOT-6619178D5AE4,SIM-2022-CHR-CER-1,CHR,,清 乾隆,僅有年代
銅器,壺／瓶,https://digitalarchive.npm.gov.tw/Image/GetImage?ImageId=6600&randomCode=65627926605,貫耳素瓶,宋以後,中國嘉德（香港）,秋季 中國藝術珍品－青銅器專場（模擬場次）,2025-12-27,香港,0001,高11.6公分,1900000,2750000,2000000,RMB,成交,LOT-84AB222433D0,SIM-2025-CGH-BRO-2,CGH,,宋以後,僅有年代
繪畫,其他繪畫,https://digitalarchive.npm.gov.tw/Image/GetImage?ImageId=592167&randomCode=55469910769,群仙圖（一）　冊　蔡女仙繡風遇仙,不詳,佳士得,春季 中國古代書畫（模擬場次）,2021-05-23,香港,0001,59.6x40.4,5850000,9600000,,RMB,流拍,LOT-0336AA85A4B0,SIM-2021-CHR-PAI-1,CHR,,,資料不詳
銅器,其他銅器,https://digitalarchive.npm.gov.tw/Image/GetImage?ImageId=1156202&randomCode=594704931,銅鍍金嵌玉填料八寶（法螺）,清,橫濱國拍,秋季 中國古代青銅器藝術（模擬場次）,2024-10-19,橫濱,0001,高38.5公分,270000,450000,,RMB,流拍,LOT-DCF502C1F047,SIM-2024-YIA-BRO-2,YIA,,清,僅有年代
繪畫,人物,https://digitalarchive.npm.gov.tw/Image/GetImage?ImageId=475827&randomCode=878292676,元代后半身像　冊　元武宗后,不詳,佳士得,春季 中國古代書畫（模擬場次）,2021-05-23,香港,0002,60.9x47.6,650000,790000,,RMB,流拍,LOT-6731A4C49FF7,SIM-2021-CHR-PAI-1,CHR,,,資料不詳
銅器,其他銅器,https://digitalarchive.npm.gov.tw/Image/GetImage?ImageId=29003&randomCode=38601912499,附金屬膽,漢,保利香港,春季 中國藝術珍品－青銅器專場（模擬場次）,2024-03-30,香港,0001,高35.7公分 腹深30.6公分 口徑長11.0公分 寬10.8公分 底徑長13.7公分 寬13.6公分 腹圍83.5公分,870000,1150000,,RMB,流拍,LOT-17EC8D1D54E7,SIM-2024-PHK-BRO-1,PHK,,漢,僅有年代
銅器,銅印,https://digitalarchive.npm.gov.tw/Image/GetImage?ImageId=30729&randomCode=61018314607,「王廣平」銅印,待訂,佳士得,秋季 中國藝術珍品－青銅器專場（模擬場次）,2022-11-05,香港,0001,長1.4公分,590000,830000,1200000,RMB,成交,LOT-D0A557F44B2B,SIM-2022-CHR-BRO-2,CHR,,待訂,需要確認
法書,書札／信函,https://digitalarchive.npm.gov.tw/Image/GetImage?ImageId=520944&randomCode=48121761955,宋林逋手札二帖　冊,林逋,宇珍,秋季 中國古代書法（模擬場次）,2022-11-27,台北,0001,,3250000,4450000,,RMB,流拍,LOT-270954B0C761,SIM-2022-YZH-CAL-2,YZH,林逋,,已解析作者
法書,法帖,https://digitalarchive.npm.gov.tw/Image/GetImage?ImageId=530767&randomCode=26622763762,清王澍書積書巖帖（三十九）　冊　臨顏真卿盧八帖寒食帖,王澍,中國嘉德（香港）,春季 中國書畫珍藏（模擬場次）,2020-06-14,香港,0001,,4900000,7650000,5200000,RMB,成交,LOT-8EE811F54A13,SIM-2020-CGH-CAL-1,CGH,王澍,,已解析作者
陶瓷器,青花,https://digitalarchive.npm.gov.tw/Image/GetImage?ImageId=870399&randomCode=72141970,青花蓮瓣紋蓮子碗,明 宣德,北京保利,秋季 重要中國瓷器及工藝精品（模擬場次）,2022-12-04,北京,0001,高6.1公分 深5.1公分 口徑10.1公分 足徑3.1公分,150000,230000,220000,RMB,成交,LOT-759279580CEA,SIM-2022-BPL-CER-2,BPL,,明 宣德,僅有年代
玉器,其他玉器,https://digitalarchive.npm.gov.tw/Image/GetImage?ImageId=619042&randomCode=1008500740,翠玉戒指,清,佳士得,秋季 韞玉生輝－中國古代玉器（模擬場次）,2021-10-10,香港,0001,戒面長2.3公分 寬0.9公分 外徑2.0公分 內徑1.6公分,540000,930000,620000,RMB,成交,LOT-79DCAB7785FB,SIM-2021-CHR-JAD-2,CHR,,清,僅有年代
繪畫,花鳥,https://digitalarchive.npm.gov.tw/Image/GetImage?ImageId=923215&randomCode=79232903,清惲壽平畫花卉　冊　枇杷,惲壽平,永樂拍賣,春季 翰墨丹青－中國繪畫專場（模擬場次）,2020-04-11,北京,0001,29.7x32.2,340000,580000,470000,RMB,成交,LOT-A4991841D1C8,SIM-2020-YON-PAI-1,YON,惲壽平,,已解析作者
玉器,其他玉器,https://digitalarchive.npm.gov.tw/Image/GetImage?ImageId=0&randomCode=0,木座,不詳,東京中央,秋季 韞玉生輝－中國古代玉器（模擬場次）,2024-12-21,東京,0001,,31000,38000,49000,RMB,成交,LOT-7542288586FF,SIM-2024-TCA-JAD-2,TCA,,,資料不詳
陶瓷器,其他陶瓷,https://digitalarchive.npm.gov.tw/Image/GetImage?ImageId=1264940&randomCode=368180876,花卉紋瓦當殘片,不詳,帝圖,秋季 御窯菁華－中國古代陶瓷（模擬場次）,2024-12-21,台北,0001,大件殘長5.0公分、殘寬4.3公分；小件長4.3公分、寬2.6公分,200000,250000,250000,RMB,成交,LOT-6957DB702EF4,SIM-2024-DIT-CER-2,DIT,,,資料不詳
繪畫,花鳥,https://digitalarchive.npm.gov.tw/Image/GetImage?ImageId=990388&randomCode=685660694,清法式善畫李東陽像羅聘補竹　軸　法式善畫李東陽像,法式善,北京保利,春季 中國古代書畫（模擬場次）,2020-05-24,北京,0003,25.8x21,60000,92000,110000,RMB,成交,LOT-67B3237520E7,SIM-2020-BPL-PAI-1,BPL,法式善,,已解析作者
銅器,銅鏡,https://digitalarchive.npm.gov.tw/Image/GetImage?ImageId=830&randomCode=889013132,四山紋鏡,戰國,華藝國際（廣州）,秋季 中國藝術珍品－青銅器專場（模擬場次）,2023-10-01,廣州,0001,直徑13.6公分,6300000,7500000,,RMB,撤拍,LOT-14C5BC8B30CE,SIM-2023-HYG-BRO-2,HYG,,戰國,僅有年代
玉器,其他玉器,https://digitalarchive.npm.gov.tw/Image/GetImage?ImageId=151776&randomCode=856851764,玉垂恩香筒,清,北京保利,春季 中國藝術珍品－玉器專場（模擬場次）,2025-05-04,北京,0001,長19.0公分 直徑3.9公分,440000,770000,750000,RMB,成交,LOT-AC41C1E65082,SIM-2025-BPL-JAD-1,BPL,,清,僅有年代
法書,其他法書,https://digitalarchive.npm.gov.tw/Image/GetImage?ImageId=0&randomCode=0,民國曹容書唐人七律　軸,曹容,佳士得,春季 翰墨流芳－歷代法書（模擬場次）,2022-06-12,香港,0001,134.8x69,3350000,4050000,3550000,RMB,成交,LOT-1EBB9FDB9F14,SIM-2022-CHR-CAL-1,CHR,曹容,,已解析作者
陶瓷器,青花,https://digitalarchive.npm.gov.tw/Image/GetImage?ImageId=0&randomCode=0,青花四季花果紋梅瓶,不詳,宇珍,春季 重要中國瓷器及工藝精品（模擬場次）,2020-05-10,台北,0001,高34.6公分 口徑5.6公分 底徑12.3公分,23500000,34300000,,RMB,流拍,LOT-B1CCF7C4A93B,SIM-2020-YZH-CER-1,YZH,,,資料不詳
繪畫,其他繪畫,https://digitalarchive.npm.gov.tw/Image/GetImage?ImageId=591300&randomCode=16465538493,清金廷標畫御製用庾信詠畫屏風體　冊　跨水作虹橋,金廷標,宇珍,春季 翰墨丹青－中國繪畫專場（模擬場次）,2022-03-12,台北,0001,71.8x41.2,670000,890000,1650000,RMB,成交,LOT-669E86AE5B46,SIM-2022-YZH-PAI-1,YZH,金廷標,,已解析作者
繪畫,其他繪畫,https://digitalarchive.npm.gov.tw/Image/GetImage?ImageId=869616&randomCode=1652450127,明人畫扇　冊　明范周行草書,范周,中國嘉德（香港）,春季 中國近現代書畫（模擬場次）,2025-03-22,香港,0001,16.3x50.2,6900000,9350000,8050000,RMB,成交,LOT-D7E7A56BC31E,SIM-2025-CGH-PAI-1,CGH,范周,,已解析作者
法書,法帖,https://digitalarchive.npm.gov.tw/Image/GetImage?ImageId=335709&randomCode=21629444962,臨蔡襄詩帖 冊,清 乾隆,蘇富比,春季 中國書畫珍藏（模擬場次）,2021-03-13,香港,0001,長6.6公分 寬6.7公分,5800000,9850000,18900000,RMB,成交,LOT-18A9BBA4098E,SIM-2021-SOT-CAL-1,SOT,,清 乾隆,僅有年代
銅器,鼎,https://digitalarchive.npm.gov.tw/Image/GetImage?ImageId=2654&randomCode=1183321333,弦紋鼎,漢,蘇富比,秋季 中國藝術珍品－青銅器專場（模擬場次）,2020-10-11,香港,0001,高16.3公分,2700000,4650000,,RMB,流拍,LOT-3A4A7C6A5402,SIM-2020-SOT-BRO-2,SOT,,漢,僅有年代
銅器,銅印,https://digitalarchive.npm.gov.tw/Image/GetImage?ImageId=34576&randomCode=51995022850,「張遂」「臣遂」銅印,漢,永樂拍賣,秋季 中國古代青銅器藝術（模擬場次）,2020-09-06,北京,0001,長1.2公分,300000,510000,380000,RMB,成交,LOT-18B11C35AFC7,SIM-2020-YON-BRO-2,YON,,漢,僅有年代
繪畫,其他繪畫,https://digitalarchive.npm.gov.tw/Image/GetImage?ImageId=1149803&randomCode=612516320,清沈全畫五老觀峰　軸,沈全,永樂拍賣,春季 中國古代書畫（模擬場次）,2024-05-19,北京,0001,167.7x88.5,280000,440000,,RMB,流拍,LOT-679A3114206A,SIM-2024-YON-PAI-1,YON,沈全,,已解析作者
銅器,其他銅器,https://digitalarchive.npm.gov.tw/Image/GetImage?ImageId=1180605&randomCode=168457961,銅鍍金七政寶（武將）,清,中國嘉德,春季 中國古代青銅器藝術（模擬場次）,2022-06-11,北京,0001,高31.7公分,790000,1300000,3000000,RMB,成交,LOT-2A86E86AF033,SIM-2022-CGD-BRO-1,CGD,,清,僅有年代
玉器,玉印,https://digitalarchive.npm.gov.tw/Image/GetImage?ImageId=145156&randomCode=64610604139,玉三獸鈕未刻印,清,永樂拍賣,秋季 瑰麗玉器與宮廷藝術（模擬場次）,2020-09-19,北京,0001,長7.0公分 寬7.0公分 高4.7公分,2200000,3200000,2900000,RMB,成交,LOT-A32BD37F9B1C,SIM-2020-YON-JAD-2,YON,,清,僅有年代
陶瓷器,青瓷／青釉,https://digitalarchive.npm.gov.tw/Image/GetImage?ImageId=1833839&randomCode=1058473497,冬青釉紅彩團鳳紋碗,清 雍正,保利香港,秋季 中國藝術珍品－瓷器專場（模擬場次）,2020-09-27,香港,0001,高6.8公分 口徑14.6公分 底徑5.9公分,530000,780000,600000,RMB,成交,LOT-E78D87D16E1E,SIM-2020-PHK-CER-2,PHK,,清 雍正,僅有年代
陶瓷器,青花,https://digitalarchive.npm.gov.tw/Image/GetImage?ImageId=369552&randomCode=1729055911,青花如意紋瓶,清 乾隆,中國嘉德（香港）,秋季 重要中國瓷器及工藝精品（模擬場次）,2020-12-19,香港,0001,高13.8公分 口徑4.5公分 底徑3.2公分,40000000,51500000,46900000,RMB,成交,LOT-34D759BE11E0,SIM-2020-CGH-CER-2,CGH,,清 乾隆,僅有年代
銅器,其他銅器,https://digitalarchive.npm.gov.tw/Image/GetImage?ImageId=170377&randomCode=2139390310,銅香爐,待訂,北京保利,秋季 中國藝術珍品－青銅器專場（模擬場次）,2024-12-21,北京,0001,高6.4公分 口徑4.5公分 腹深6.3公分,340000,510000,,RMB,流拍,LOT-CBF81F35FB70,SIM-2024-BPL-BRO-2,BPL,,待訂,需要確認
陶瓷器,青花,https://digitalarchive.npm.gov.tw/Image/GetImage?ImageId=410516&randomCode=443055955,青花歲寒三友圖盤,明 成化,帝圖,秋季 中國藝術珍品－瓷器專場（模擬場次）,2022-12-31,台北,0001,高3.8公分 口徑16.5公分 底徑10.0公分,190000,300000,210000,RMB,成交,LOT-EC2B1B4C8237,SIM-2022-DIT-CER-2,DIT,,明 成化,僅有年代
玉器,玉佩／玉飾,https://digitalarchive.npm.gov.tw/Image/GetImage?ImageId=162473&randomCode=26886089211,玉飾件,明晚期至清早期,永樂拍賣,春季 韞玉生輝－中國古代玉器（模擬場次）,2025-06-01,北京,0001,寬3.6公分 通高4.3公分 厚1.5公分,650000,1050000,1000000,RMB,成交,LOT-431F5486A8AD,SIM-2025-YON-JAD-1,YON,,明晚期至清早期,僅有年代
陶瓷器,釉裡紅,https://digitalarchive.npm.gov.tw/Image/GetImage?ImageId=881653&randomCode=129205660,青花釉裡紅人物圖瓶,不詳,佳士得,春季 重要中國瓷器及工藝精品（模擬場次）,2024-04-14,香港,0001,高8公分 口徑1.8公分 底徑2.7公分,330000,450000,470000,RMB,成交,LOT-35EE57479181,SIM-2024-CHR-CER-1,CHR,,,資料不詳
銅器,其他銅器,https://digitalarchive.npm.gov.tw/Image/GetImage?ImageId=6563&randomCode=1331432754,素鈁,漢,中國嘉德（香港）,秋季 中國藝術珍品－青銅器專場（模擬場次）,2025-12-27,香港,0002,高12.5公分,14500000,20100000,,RMB,流拍,LOT-DD38DD59A514,SIM-2025-CGH-BRO-2,CGH,,漢,僅有年代
繪畫,其他繪畫,https://digitalarchive.npm.gov.tw/Image/GetImage?ImageId=590373&randomCode=79378472399,名人畫扇貳冊 (下)　冊　清強應祥疏樹茆堂,不詳,蘇富比,秋季 中國近現代書畫（模擬場次）,2022-11-27,香港,0001,16.6x51.8,1100000,1650000,1500000,RMB,成交,LOT-0BC7E73F75F3,SIM-2022-SOT-PAI-2,SOT,,,資料不詳
玉器,玉璧,https://digitalarchive.npm.gov.tw/Image/GetImage?ImageId=0&randomCode=0,璧,不詳,蘇富比,春季 中國藝術珍品－玉器專場（模擬場次）,2021-04-11,香港,0002,外徑12.2 內徑4.5 厚0.7公分,5100000,6800000,6100000,RMB,成交,LOT-19C958483913,SIM-2021-SOT-JAD-1,SOT,,,資料不詳
玉器,其他玉器,https://digitalarchive.npm.gov.tw/Image/GetImage?ImageId=604425&randomCode=1431286300,玉戒指,清,蘇富比,春季 韞玉生輝－中國古代玉器（模擬場次）,2020-03-01,香港,0002,內徑1.5公分 外徑2.3公分,500000,720000,660000,RMB,成交,LOT-50D95D3BC7DD,SIM-2020-SOT-JAD-1,SOT,,清,僅有年代
玉器,其他玉器,https://digitalarchive.npm.gov.tw/Image/GetImage?ImageId=462485&randomCode=52184076048,玉煙嘴,清,永樂拍賣,秋季 中國藝術珍品－玉器專場（模擬場次）,2022-12-04,北京,0001,長7.5公分 徑0.8公分,410000,710000,1450000,RMB,成交,LOT-D955A2033776,SIM-2022-YON-JAD-2,YON,,清,僅有年代
法書,書札／信函,https://digitalarchive.npm.gov.tw/Image/GetImage?ImageId=437392&randomCode=63944476753,清翁同龢致張樵野手札（第一卷）　冊　（十九）,翁同龢,東京飛鳥,秋季 中國古代書法（模擬場次）,2022-09-24,東京,0001,,810000,1150000,2500000,RMB,成交,LOT-82A523B2176C,SIM-2022-TFA-CAL-2,TFA,翁同龢,,已解析作者
法書,法帖,https://digitalarchive.npm.gov.tw/Image/GetImage?ImageId=529527&randomCode=61220645829,清王澍書積書巖帖（二）　冊　第八鼓馬薦篇,王澍,蘇富比,秋季 中國古代書法（模擬場次）,2024-09-01,香港,0001,25.6x14.4,1600000,2300000,2100000,RMB,成交,LOT-825807B62E72,SIM-2024-SOT-CAL-2,SOT,王澍,雍正六年（西元一七二八年）,已解析作者
繪畫,花鳥,https://digitalarchive.npm.gov.tw/Image/GetImage?ImageId=598950&randomCode=93459193248,鳥譜（四）　冊　鳳頭花阿蘭,不詳,東京中央,春季 翰墨丹青－中國繪畫專場（模擬場次）,2023-06-17,東京,0001,40.5x43.5,1650000,2450000,2350000,RMB,成交,LOT-638F43AC6948,SIM-2023-TCA-PAI-1,TCA,,,資料不詳
陶瓷器,白瓷／白釉,https://digitalarchive.npm.gov.tw/Image/GetImage?ImageId=1741566&randomCode=402072949,甜白釉盤,明 弘治,東京飛鳥,春季 重要中國瓷器及工藝精品（模擬場次）,2023-05-27,東京,0001,高4.6公分 口徑21.5公分 底徑12.8公分,1950000,2550000,3800000,RMB,成交,LOT-020F77331264,SIM-2023-TFA-CER-1,TFA,,明 弘治,僅有年代
銅器,壺／瓶,https://digitalarchive.npm.gov.tw/Image/GetImage?ImageId=6058&randomCode=1277099879,獸環壺,漢,東京飛鳥,秋季 吉金永寶－重要青銅器（模擬場次）,2020-09-06,東京,0001,高22.6公分,890000,1350000,940000,RMB,成交,LOT-9842296FB657,SIM-2020-TFA-BRO-2,TFA,,漢,僅有年代
陶瓷器,其他陶瓷,https://digitalarchive.npm.gov.tw/Image/GetImage?ImageId=371293&randomCode=63216992330,仿拉古里木釉多穆壺,清,佳士得,秋季 重要中國瓷器及工藝精品（模擬場次）,2020-12-27,香港,0001,高45.0公分 底徑13.0公分,1400000,1800000,1200000,RMB,成交,LOT-58762AC4EBAE,SIM-2020-CHR-CER-2,CHR,,清,僅有年代
銅器,尊,https://digitalarchive.npm.gov.tw/Image/GetImage?ImageId=4804&randomCode=1015591673,獸面紋尊,時代待訂,蘇富比,春季 中國藝術珍品－青銅器專場（模擬場次）,2021-06-06,香港,0001,高27.5公分,470000,570000,830000,RMB,成交,LOT-E9635682BB7B,SIM-2021-SOT-BRO-1,SOT,,時代待訂,需要確認
繪畫,花鳥,https://digitalarchive.npm.gov.tw/Image/GetImage?ImageId=1176204&randomCode=2043074319,清沈慶蘭畫慶吉騮　軸,沈慶蘭,佳士得,春季 翰墨丹青－中國繪畫專場（模擬場次）,2023-04-30,香港,0001,161.5x107.1,8550000,11800000,9650000,RMB,成交,LOT-96D24A08C5E4,SIM-2023-CHR-PAI-1,CHR,沈慶蘭,清仁宗嘉慶十四年（1809）,已解析作者
法書,行書,https://digitalarchive.npm.gov.tw/Image/GetImage?ImageId=0&randomCode=0,民國王壯為行書七言聯　鏡片,王壯為,西泠印社,春季 中國書畫珍藏（模擬場次）,2025-03-16,杭州,0001,104x23,9450000,14900000,,RMB,撤拍,LOT-7E8DD1F430B1,SIM-2025-XLY-CAL-1,XLY,王壯為,,已解析作者
法書,書札／信函,https://digitalarchive.npm.gov.tw/Image/GetImage?ImageId=871340&randomCode=1062103020,元人雜書　卷　周馳致義齋廉訪尺牘,不詳,東京飛鳥,秋季 中國古代書法（模擬場次）,2022-09-24,東京,0002,33.7x60,890000,1550000,2300000,RMB,成交,LOT-074CEA832236,SIM-2022-TFA-CAL-2,TFA,,,資料不詳
法書,書札／信函,https://digitalarchive.npm.gov.tw/Image/GetImage?ImageId=1080227&randomCode=781976685,清薛時雨致叔起八月初十日函,薛時雨,帝圖,秋季 中國古代書法（模擬場次）,2023-12-24,台北,0001,,800000,1100000,,RMB,流拍,LOT-8B7CE54178FA,SIM-2023-DIT-CAL-2,DIT,薛時雨,,已解析作者
法書,其他法書,https://digitalarchive.npm.gov.tw/Image/GetImage?ImageId=534319&randomCode=55278928708,清王圖炳書合錦上冊　冊　書清高宗御製有鳥二十章之一,王圖炳,帝圖,春季 翰墨流芳－歷代法書（模擬場次）,2025-05-31,台北,0001,35x35,1550000,2000000,1600000,RMB,成交,LOT-FA3CF1622533,SIM-2025-DIT-CAL-1,DIT,王圖炳,,已解析作者
銅器,其他銅器,https://digitalarchive.npm.gov.tw/Image/GetImage?ImageId=335774&randomCode=83589084785,銅鎏金馬,明晚期至清,北京保利,秋季 中國藝術珍品－青銅器專場（模擬場次）,2024-12-21,北京,0002,寬8.5公分 高5.8公分,650000,1100000,1900000,RMB,成交,LOT-94A209A8EBAE,SIM-2024-BPL-BRO-2,BPL,,明晚期至清,僅有年代
陶瓷器,鬥彩,https://digitalarchive.npm.gov.tw/Image/GetImage?ImageId=0&randomCode=0,「天」字款鬥彩龍紋蓋罐,不詳,橫濱國拍,春季 重要中國瓷器及工藝精品（模擬場次）,2022-05-14,橫濱,0001,通蓋高16.1公分 罐高14.1公分 口徑9公分 底徑10公分,1550000,2100000,2050000,RMB,成交,LOT-26A0D66A2363,SIM-2022-YIA-CER-1,YIA,,,資料不詳
陶瓷器,青花,https://digitalarchive.npm.gov.tw/Image/GetImage?ImageId=1254139&randomCode=423513861,青花六龍紋盤,不詳,帝圖,春季 重要中國瓷器及工藝精品（模擬場次）,2024-04-20,台北,0001,高3.6公分 口徑14公分 底徑8.9公分,640000,1100000,1050000,RMB,成交,LOT-3F4A94E17264,SIM-2024-DIT-CER-1,DIT,,,資料不詳
繪畫,人物,https://digitalarchive.npm.gov.tw/Image/GetImage?ImageId=1204808&randomCode=86323836,宋人畫十八羅漢（十三）　軸,不詳,橫濱國拍,秋季 翰墨丹青－中國繪畫專場（模擬場次）,2023-12-24,橫濱,0001,128.5x74.8,16400000,25900000,24800000,RMB,成交,LOT-AC7C01410E07,SIM-2023-YIA-PAI-2,YIA,,,資料不詳
玉器,玉佩／玉飾,https://digitalarchive.npm.gov.tw/Image/GetImage?ImageId=149982&randomCode=72286558052,玉雙魚佩,清,中國嘉德,春季 瑰麗玉器與宮廷藝術（模擬場次）,2022-04-02,北京,0001,寬5.7公分 通高4.1公分,3150000,4600000,3800000,RMB,成交,LOT-D4CA096016AA,SIM-2022-CGD-JAD-1,CGD,,清,僅有年代
銅器,銅印,https://digitalarchive.npm.gov.tw/Image/GetImage?ImageId=37655&randomCode=28523184883,「小窗」銅印,漢,中國嘉德,秋季 中國古代青銅器藝術（模擬場次）,2024-09-22,北京,0001,長1.2公分,930000,1500000,950000,RMB,成交,LOT-96E6743C9DC5,SIM-2024-CGD-BRO-2,CGD,,漢,僅有年代
玉器,玉佩／玉飾,https://digitalarchive.npm.gov.tw/Image/GetImage?ImageId=382780&randomCode=28503643201,翠玉墜,清,中國嘉德（香港）,秋季 中國藝術珍品－玉器專場（模擬場次）,2025-09-13,香港,0001,待測量,850000,1100000,990000,RMB,成交,LOT-2E90BA882086,SIM-2025-CGH-JAD-2,CGH,,清,僅有年代
陶瓷器,粉彩,https://digitalarchive.npm.gov.tw/Image/GetImage?ImageId=2655819&randomCode=1814122973,粉彩海棠花紋花盆,不詳,永樂拍賣,春季 御窯菁華－中國古代陶瓷（模擬場次）,2025-06-08,北京,0001,高36.7公分 口徑40公分 底徑29.2公分,1100000,1750000,1550000,RMB,成交,LOT-7E81AC51AEBC,SIM-2025-YON-CER-1,YON,,,資料不詳
繪畫,花鳥,https://digitalarchive.npm.gov.tw/Image/GetImage?ImageId=586297&randomCode=63477444472,清黃鉞畫春林茁秀　冊　春徑猗蘭,黃鉞,保利香港,秋季 翰墨丹青－中國繪畫專場（模擬場次）,2020-10-03,香港,0001,14.8x36.5,510000,730000,970000,RMB,成交,LOT-66DD3B12C2CD,SIM-2020-PHK-PAI-2,PHK,黃鉞,,已解析作者
陶瓷器,青花,https://digitalarchive.npm.gov.tw/Image/GetImage?ImageId=400041&randomCode=498388940,青花花卉紋盤,清 道光,蘇富比,春季 御窯菁華－中國古代陶瓷（模擬場次）,2020-03-15,香港,0001,高2.4公分 口徑15.5公分 足徑8.0公分,5650000,8850000,6150000,RMB,成交,LOT-2533A48F4583,SIM-2020-SOT-CER-1,SOT,,清 道光,僅有年代
繪畫,其他繪畫,https://digitalarchive.npm.gov.tw/Image/GetImage?ImageId=0&randomCode=0,集珍挹爽　冊,不詳,北京保利,春季 中國近現代書畫（模擬場次）,2024-05-25,北京,0001,,1050000,1250000,1150000,RMB,成交,LOT-56206E7132C9,SIM-2024-BPL-PAI-1,BPL,,,資料不詳
陶瓷器,其他陶瓷,https://digitalarchive.npm.gov.tw/Image/GetImage?ImageId=0&randomCode=0,綠地紫彩白裡龍紋碗,不詳,中國嘉德,秋季 重要中國瓷器及工藝精品（模擬場次）,2024-09-22,北京,0001,高5.4公分 口徑11公分 底徑4.5公分,1000000,1250000,1100000,RMB,成交,LOT-1A15B54F5872,SIM-2024-CGD-CER-2,CGD,,,資料不詳
法書,書札／信函,https://digitalarchive.npm.gov.tw/Image/GetImage?ImageId=432400&randomCode=72061458082,明人詩札冊（五）　冊　黃輝書詩,不詳,邦瀚斯,春季 翰墨流芳－歷代法書（模擬場次）,2021-06-06,香港,0001,27.8x50.1,44000,70000,37000,RMB,成交,LOT-AC516338EFD8,SIM-2021-BON-CAL-1,BON,,,資料不詳
法書,書札／信函,https://digitalarchive.npm.gov.tw/Image/GetImage?ImageId=1155105&randomCode=394982016,清朱之榛致惺吾函,朱之榛,東京飛鳥,春季 中國古代書法（模擬場次）,2023-04-30,東京,0001,23.2x12.8,410000,540000,520000,RMB,成交,LOT-7E52BA403273,SIM-2023-TFA-CAL-1,TFA,朱之榛,,已解析作者
法書,楷書,https://digitalarchive.npm.gov.tw/Image/GetImage?ImageId=432277&randomCode=73500067460,清何紹基楷書六屏　軸,何紹基,華藝國際（廣州）,秋季 中國書畫珍藏（模擬場次）,2020-10-04,廣州,0001,100.7x33.2,560000,920000,,RMB,流拍,LOT-A28ECA3D245C,SIM-2020-HYG-CAL-2,HYG,何紹基,清宣宗道光十七年（1837）,已解析作者
陶瓷器,黃釉,https://digitalarchive.npm.gov.tw/Image/GetImage?ImageId=389966&randomCode=1697062656,黃釉綠彩花卉紋盤,清 乾隆,東京飛鳥,秋季 重要中國瓷器及工藝精品（模擬場次）,2025-11-30,東京,0001,高5.5公分 口徑26.7公分 底徑17.0公分,690000,820000,,RMB,流拍,LOT-75819A692AE4,SIM-2025-TFA-CER-2,TFA,,清 乾隆,僅有年代
陶瓷器,白瓷／白釉,https://digitalarchive.npm.gov.tw/Image/GetImage?ImageId=2654035&randomCode=2017049855,白瓷爵杯,不詳,北京保利,春季 御窯菁華－中國古代陶瓷（模擬場次）,2024-06-29,北京,0002,通耳高10公分 最長12.2公分,840000,1250000,1100000,RMB,成交,LOT-B4933624BA93,SIM-2024-BPL-CER-1,BPL,,,資料不詳
銅器,銅印,https://digitalarchive.npm.gov.tw/Image/GetImage?ImageId=29350&randomCode=1092365570,「部曲將印」銅印,東漢,永樂拍賣,春季 中國藝術珍品－青銅器專場（模擬場次）,2023-03-05,北京,0001,長2.4公分,470000,740000,610000,RMB,成交,LOT-B72D18EC7429,SIM-2023-YON-BRO-1,YON,,東漢,僅有年代
銅器,爵／觚／觶,https://digitalarchive.npm.gov.tw/Image/GetImage?ImageId=5192&randomCode=737364156,弦紋觶,西周,西泠印社,秋季 吉金永寶－重要青銅器（模擬場次）,2023-10-01,杭州,0001,高13.3公分,6150000,9850000,9550000,RMB,成交,LOT-63F82E2E1372,SIM-2023-XLY-BRO-2,XLY,,西周,僅有年代
玉器,玉佩／玉飾,https://digitalarchive.npm.gov.tw/Image/GetImage?ImageId=462651&randomCode=13124312546,翠玉墜飾,清,宇珍,春季 中國藝術珍品－玉器專場（模擬場次）,2022-05-01,台北,0001,待測量,780000,1100000,,RMB,流拍,LOT-4C5576BB4351,SIM-2022-YZH-JAD-1,YZH,,清,僅有年代
法書,行書,https://digitalarchive.npm.gov.tw/Image/GetImage?ImageId=402660&randomCode=1623918282,民國張人傑行書五言聯　軸,不詳,東京中央,春季 翰墨流芳－歷代法書（模擬場次）,2025-04-12,東京,0002,169x42.1,7100000,9350000,,RMB,流拍,LOT-77F533EDE2D4,SIM-2025-TCA-CAL-1,TCA,,,資料不詳
陶瓷器,粉彩,https://digitalarchive.npm.gov.tw/Image/GetImage?ImageId=290996&randomCode=34896873053,粉彩花卉紋扳指,清 乾隆,保利香港,春季 御窯菁華－中國古代陶瓷（模擬場次）,2020-05-02,香港,0002,高2.6公分 口徑3.2公分,4000000,6700000,4650000,RMB,成交,LOT-C49BD7721879,SIM-2020-PHK-CER-1,PHK,,清 乾隆,僅有年代
法書,隸書,https://digitalarchive.npm.gov.tw/Image/GetImage?ImageId=0&randomCode=0,民國張祖翼隸書四屏　軸,張祖翼,邦瀚斯,春季 中國書畫珍藏（模擬場次）,2022-04-17,香港,0001,238x57,250000,330000,310000,RMB,成交,LOT-DDD50231A15C,SIM-2022-BON-CAL-1,BON,張祖翼,第二屏：中華民國三年（1914）,已解析作者
法書,行楷書,https://digitalarchive.npm.gov.tw/Image/GetImage?ImageId=437101&randomCode=44196365421,清劉墉行楷書　冊　書漢司馬遷史記酈生陸賈列傳,劉墉,佳士得,秋季 翰墨流芳－歷代法書（模擬場次）,2024-12-29,香港,0001,18.5x11.7,400000,510000,510000,RMB,成交,LOT-AA8536091A01,SIM-2024-CHR-CAL-2,CHR,劉墉,清仁宗嘉慶六年（1801）,已解析作者
法書,其他法書,https://digitalarchive.npm.gov.tw/Image/GetImage?ImageId=976970&randomCode=204080739,清張照書御製芝蘭曲　軸,張照,華藝國際（廣州）,春季 翰墨流芳－歷代法書（模擬場次）,2020-06-21,廣州,0001,89.5x66.2,55000,81000,51000,RMB,成交,LOT-4E961DA9CDCF,SIM-2020-HYG-CAL-1,HYG,張照,,已解析作者
繪畫,人物,https://digitalarchive.npm.gov.tw/Image/GetImage?ImageId=993488&randomCode=1700524066,宋英宗坐像　軸,不詳,東京中央,春季 中國近現代書畫（模擬場次）,2025-06-28,東京,0001,199.7x155.7,920000,1150000,970000,RMB,成交,LOT-DFCED959ACE2,SIM-2025-TCA-PAI-1,TCA,,,資料不詳
繪畫,其他繪畫,https://digitalarchive.npm.gov.tw/Image/GetImage?ImageId=976737&randomCode=48970353,民國溥儒達摩面壁　單片,中華民國三十九年（1950）,中國嘉德,秋季 中國古代書畫（模擬場次）,2024-11-16,北京,0001,52x28.3,2450000,4150000,2200000,RMB,成交,LOT-08D7FB5BAEDD,SIM-2024-CGD-PAI-2,CGD,,中華民國三十九年（1950）,僅有年代
玉器,玉佩／玉飾,https://digitalarchive.npm.gov.tw/Image/GetImage?ImageId=140173&randomCode=40255063218,玉龍形環,明晚期至清早期,東京飛鳥,春季 韞玉生輝－中國古代玉器（模擬場次）,2021-05-15,東京,0001,高1.3公分 最大外徑8.0公分 最大內徑5.5公分,2350000,3600000,7850000,RMB,成交,LOT-5761586E14B4,SIM-2021-TFA-JAD-1,TFA,,明晚期至清早期,僅有年代
陶瓷器,鈞窯,https://digitalarchive.npm.gov.tw/Image/GetImage?ImageId=316453&randomCode=54227064680,爐鈞釉貫耳杏葉四方瓶,清 乾隆,華藝國際（廣州）,春季 重要中國瓷器及工藝精品（模擬場次）,2025-06-21,廣州,0001,高29.6公分 口徑11.3公分 底徑11.0公分,25000,32000,29000,RMB,成交,LOT-C6C029634D3D,SIM-2025-HYG-CER-1,HYG,,清 乾隆,僅有年代
玉器,玉印,https://digitalarchive.npm.gov.tw/Image/GetImage?ImageId=144381&randomCode=1386673771,玉蟬鈕未刻印,南宋至元,帝圖,秋季 韞玉生輝－中國古代玉器（模擬場次）,2021-09-25,台北,0002,寬2.38公分 通高1.9公分,3250000,5150000,4850000,RMB,成交,LOT-295959050A1C,SIM-2021-DIT-JAD-2,DIT,,南宋至元,僅有年代
玉器,其他玉器,https://digitalarchive.npm.gov.tw/Image/GetImage?ImageId=1283113&randomCode=587613998,玉法輪,清,帝圖,秋季 韞玉生輝－中國古代玉器（模擬場次）,2024-10-26,台北,0001,邊長5.5公分,640000,830000,680000,RMB,成交,LOT-5642E9D669EA,SIM-2024-DIT-JAD-2,DIT,,清,僅有年代
銅器,簋／簠／豆,https://digitalarchive.npm.gov.tw/Image/GetImage?ImageId=4773&randomCode=2087686848,竊曲紋簋,時代待訂,西泠印社,秋季 中國古代青銅器藝術（模擬場次）,2022-12-04,杭州,0001,高24.0公分,390000,630000,570000,RMB,成交,LOT-C2945C17882F,SIM-2022-XLY-BRO-2,XLY,,時代待訂,需要確認
銅器,尊,https://digitalarchive.npm.gov.tw/Image/GetImage?ImageId=362530&randomCode=2137491492,鳥首獸尊,戰國早期,東京中央,春季 中國古代青銅器藝術（模擬場次）,2024-04-27,東京,0001,寬26.5公分 高19.0公分 口徑4.5公分,1450000,2350000,,RMB,流拍,LOT-68D3C60E7CB4,SIM-2024-TCA-BRO-1,TCA,,戰國早期,僅有年代
繪畫,走獸／蟲魚,https://digitalarchive.npm.gov.tw/Image/GetImage?ImageId=587777&randomCode=24120441101,清金玠壽同山岳　冊　騎鹿採芝,不詳,邦瀚斯,秋季 中國古代書畫（模擬場次）,2025-09-13,香港,0001,33.1x30.2,5400000,7450000,6800000,RMB,成交,LOT-A040D6E15C9E,SIM-2025-BON-PAI-2,BON,,,資料不詳
玉器,玉佩／玉飾,https://digitalarchive.npm.gov.tw/Image/GetImage?ImageId=423459&randomCode=42968511651,玉囍字腰結,不詳,邦瀚斯,秋季 瑰麗玉器與宮廷藝術（模擬場次）,2025-12-06,香港,0001,,270000,390000,230000,RMB,成交,LOT-E9F3F87A3F47,SIM-2025-BON-JAD-2,BON,,,資料不詳
玉器,其他玉器,https://digitalarchive.npm.gov.tw/Image/GetImage?ImageId=0&randomCode=0,石鑿,不詳,邦瀚斯,秋季 瑰麗玉器與宮廷藝術（模擬場次）,2022-10-08,香港,0001,長18.0 寬3.25 厚1.8公分,2950000,5150000,10700000,RMB,成交,LOT-F484F778E46A,SIM-2022-BON-JAD-2,BON,,,資料不詳
銅器,銅鏡,https://digitalarchive.npm.gov.tw/Image/GetImage?ImageId=870&randomCode=327197870,雙龍紋菱花鏡,宋,宇珍,春季 吉金永寶－重要青銅器（模擬場次）,2024-03-02,台北,0001,直徑16.9公分,580000,730000,1250000,RMB,成交,LOT-420385EA0C7A,SIM-2024-YZH-BRO-1,YZH,,宋,僅有年代
銅器,銅鏡,https://digitalarchive.npm.gov.tw/Image/GetImage?ImageId=775&randomCode=50701058,四乳草葉紋鏡,漢,永樂拍賣,秋季 中國古代青銅器藝術（模擬場次）,2020-09-06,北京,0002,直徑11.3公分,32600000,51900000,114900000,RMB,成交,LOT-D757041B6B9F,SIM-2020-YON-BRO-2,YON,,漢,僅有年代
陶瓷器,粉彩,https://digitalarchive.npm.gov.tw/Image/GetImage?ImageId=377852&randomCode=33915173495,粉彩湖綠地福壽花卉紋龍首帶鈎,清,中國嘉德（香港）,春季 重要中國瓷器及工藝精品（模擬場次）,2021-05-08,香港,0001,長8.5公分,440000,720000,790000,RMB,成交,LOT-4F4E8CE28F45,SIM-2021-CGH-CER-1,CGH,,清,僅有年代
繪畫,其他繪畫,https://digitalarchive.npm.gov.tw/Image/GetImage?ImageId=586574&randomCode=81936792238,清陳枚畫耕織圖　冊　插秧,陳枚,西泠印社,秋季 中國古代書畫（模擬場次）,2022-09-17,杭州,0001,26.5x29.6,930000,1600000,910000,RMB,成交,LOT-3D7689C3E70B,SIM-2022-XLY-PAI-2,XLY,陳枚,,已解析作者
銅器,銅印,https://digitalarchive.npm.gov.tw/Image/GetImage?ImageId=31086&randomCode=21058187889,「為善最樂」銅印,周,宇珍,春季 吉金永寶－重要青銅器（模擬場次）,2021-06-13,台北,0001,高1.32公分 印面長3.11公分 寬2.95公分,1550000,2150000,2000000,RMB,成交,LOT-896FB858473D,SIM-2021-YZH-BRO-1,YZH,,周,僅有年代
繪畫,其他繪畫,https://digitalarchive.npm.gov.tw/Image/GetImage?ImageId=614139&randomCode=719552767,清王翬仿趙孟頫江村清夏圖　軸,清聖祖康熙四十五年（1706）,華藝國際（廣州）,秋季 翰墨丹青－中國繪畫專場（模擬場次）,2020-10-18,廣州,0001,117.9x61.5,750000,1250000,1150000,RMB,成交,LOT-B11FBA832FA8,SIM-2020-HYG-PAI-2,HYG,,清聖祖康熙四十五年（1706）,僅有年代
陶瓷器,粉彩,https://digitalarchive.npm.gov.tw/Image/GetImage?ImageId=2657632&randomCode=1484983336,粉彩花卉紋杯,不詳,佳士得,春季 重要中國瓷器及工藝精品（模擬場次）,2024-04-14,香港,0002,高3.2、口徑9.1、足徑2.5公分,1750000,2900000,1900000,RMB,成交,LOT-35ABC9EF5689,SIM-2024-CHR-CER-1,CHR,,,資料不詳
玉器,玉佩／玉飾,https://digitalarchive.npm.gov.tw/Image/GetImage?ImageId=999719&randomCode=1359872631,玉螭紋飾件,明晚期至清早期,蘇富比,秋季 韞玉生輝－中國古代玉器（模擬場次）,2025-11-01,香港,0001,高1.1公分 徑2.1公分,3900000,5950000,5950000,RMB,成交,LOT-07DC8D87C052,SIM-2025-SOT-JAD-2,SOT,,明晚期至清早期,僅有年代
玉器,玉佩／玉飾,https://digitalarchive.npm.gov.tw/Image/GetImage?ImageId=608935&randomCode=689290217,翠玉環佩,清,佳士得,秋季 韞玉生輝－中國古代玉器（模擬場次）,2024-12-01,香港,0001,外徑3.1公分 內徑2.1公分,710000,940000,,RMB,流拍,LOT-A3321C40E362,SIM-2024-CHR-JAD-2,CHR,,清,僅有年代
陶瓷器,其他陶瓷,https://digitalarchive.npm.gov.tw/Image/GetImage?ImageId=322092&randomCode=1761217279,紫砂竹節提梁壺,清 乾隆,東京中央,秋季 重要中國瓷器及工藝精品（模擬場次）,2023-10-07,東京,0001,通高23.2公分 高8.0公分 口徑長12.3公分 寬11.4公分 足徑長12.4公分 寬11.3公分,300000,470000,,RMB,流拍,LOT-EEB573ABC97A,SIM-2023-TCA-CER-2,TCA,,清 乾隆,僅有年代
玉器,玉佩／玉飾,https://digitalarchive.npm.gov.tw/Image/GetImage?ImageId=425525&randomCode=1099456503,玉龍紋韘形佩,東漢,中國嘉德,秋季 韞玉生輝－中國古代玉器（模擬場次）,2022-10-09,北京,0001,長10.1公分 寬3.7公分,1950000,2850000,2200000,RMB,成交,LOT-8242C48E1EBD,SIM-2022-CGD-JAD-2,CGD,,東漢,僅有年代
繪畫,其他繪畫,https://digitalarchive.npm.gov.tw/Image/GetImage?ImageId=593667&randomCode=27975413465,毛詩品物圖考（二）　冊　梓,不詳,永樂拍賣,秋季 中國近現代書畫（模擬場次）,2024-12-22,北京,0002,53.5x30.4,4150000,6650000,,RMB,流拍,LOT-8A828CF4169A,SIM-2024-YON-PAI-2,YON,,,資料不詳
繪畫,其他繪畫,https://digitalarchive.npm.gov.tw/Image/GetImage?ImageId=635311&randomCode=457405934,明戴進太平樂事　冊　試射,不詳,橫濱國拍,春季 翰墨丹青－中國繪畫專場（模擬場次）,2024-06-08,橫濱,0001,21.8x22,660000,1150000,640000,RMB,成交,LOT-4658499BC661,SIM-2024-YIA-PAI-1,YIA,,,資料不詳
法書,行書,https://digitalarchive.npm.gov.tw/Image/GetImage?ImageId=431562&randomCode=62939702765,清陳澧行書四屏　軸　臨米芾鄉石帖,陳澧,蘇富比,秋季 中國書畫珍藏（模擬場次）,2023-09-17,香港,0001,122.1x28.5,3350000,5300000,,RMB,撤拍,LOT-F7D2111E158E,SIM-2023-SOT-CAL-2,SOT,陳澧,,已解析作者
法書,其他法書,https://digitalarchive.npm.gov.tw/Image/GetImage?ImageId=523918&randomCode=76401222375,元明書翰第四十三冊　冊　王寵書詩,不詳,華藝國際（廣州）,春季 翰墨流芳－歷代法書（模擬場次）,2023-05-20,廣州,0001,,3750000,6100000,4900000,RMB,成交,LOT-BCCC9F1F833C,SIM-2023-HYG-CAL-1,HYG,,,資料不詳
陶瓷器,青瓷／青釉,https://digitalarchive.npm.gov.tw/Image/GetImage?ImageId=318245&randomCode=76273503573,青瓷八方盤口長頸瓶,清 乾隆,華藝國際（廣州）,春季 中國藝術珍品－瓷器專場（模擬場次）,2024-06-15,廣州,0001,高21.1公分 口徑8.7公分 底徑7.5公分,460000,670000,660000,RMB,成交,LOT-E0A6692D0471,SIM-2024-HYG-CER-1,HYG,,清 乾隆,僅有年代
銅器,鐘／樂器,https://digitalarchive.npm.gov.tw/Image/GetImage?ImageId=1302018&randomCode=230881879,銅鈴,不詳,佳士得,秋季 中國古代青銅器藝術（模擬場次）,2020-12-26,香港,0001,通高4.0 鼓間6.5 厚0.1公分,14100000,23700000,24100000,RMB,成交,LOT-477126DB4750,SIM-2020-CHR-BRO-2,CHR,,,資料不詳
陶瓷器,青花,https://digitalarchive.npm.gov.tw/Image/GetImage?ImageId=1201041&randomCode=1368862382,青花花蝶紋碗,不詳,邦瀚斯,秋季 御窯菁華－中國古代陶瓷（模擬場次）,2020-10-04,香港,0001,高5.6公分 口徑13.3公分 底徑4.9公分,2450000,3950000,3150000,RMB,成交,LOT-3B355FFD2B15,SIM-2020-BON-CER-2,BON,,,資料不詳
繪畫,其他繪畫,https://digitalarchive.npm.gov.tw/Image/GetImage?ImageId=496107&randomCode=30470601315,民國王震五鶴圖　軸,中華民國二十三年（1934）,華藝國際（廣州）,春季 中國古代書畫（模擬場次）,2025-05-10,廣州,0001,135.4x67.3,2350000,3700000,,RMB,流拍,LOT-8426AEAC7642,SIM-2025-HYG-PAI-1,HYG,,中華民國二十三年（1934）,僅有年代
繪畫,其他繪畫,https://digitalarchive.npm.gov.tw/Image/GetImage?ImageId=912000&randomCode=2043074319,明李麟畫十二牧圖　冊　爾牧來思,李麟,中國嘉德,春季 翰墨丹青－中國繪畫專場（模擬場次）,2024-03-10,北京,0001,26.3x33,200000,320000,190000,RMB,成交,LOT-457C3CEC0ECB,SIM-2024-CGD-PAI-1,CGD,李麟,明熹宗天啟二年（1622）,已解析作者
銅器,其他銅器,https://digitalarchive.npm.gov.tw/Image/GetImage?ImageId=333862&randomCode=60562594551,銅香爐,明,永樂拍賣,春季 吉金永寶－重要青銅器（模擬場次）,2022-04-02,北京,0001,高12.2公分 口徑15.0公分,1650000,2700000,2050000,RMB,成交,LOT-2DFF2AE4E7C8,SIM-2022-YON-BRO-1,YON,,明,僅有年代
繪畫,山水,https://digitalarchive.npm.gov.tw/Image/GetImage?ImageId=474770&randomCode=60537924882,清袁瑛山水（二）　冊　山水三,袁瑛,佳士得,春季 中國古代書畫（模擬場次）,2024-03-17,香港,0001,,830000,1200000,,RMB,流拍,LOT-0487EC0106C9,SIM-2024-CHR-PAI-1,CHR,袁瑛,,已解析作者
陶瓷器,鬥彩,https://digitalarchive.npm.gov.tw/Image/GetImage?ImageId=328687&randomCode=97705551006,鬥彩團花紋蓋罐,清 乾隆,帝圖,秋季 御窯菁華－中國古代陶瓷（模擬場次）,2024-12-21,台北,0002,通高11.8公分 口徑5.3公分 底徑6.2公分,68000,87000,72000,RMB,成交,LOT-8944018E9ABA,SIM-2024-DIT-CER-2,DIT,,清 乾隆,僅有年代
玉器,玉器皿,https://digitalarchive.npm.gov.tw/Image/GetImage?ImageId=125829&randomCode=13777478799,玉雲紋瓶,清,北京保利,秋季 韞玉生輝－中國古代玉器（模擬場次）,2023-11-26,北京,0001,通寬5.8公分 通高12.2公分 口徑3.6公分 底徑3.3公分,3450000,5950000,,RMB,流拍,LOT-55A4884FC3D1,SIM-2023-BPL-JAD-2,BPL,,清,僅有年代
銅器,銅鏡,https://digitalarchive.npm.gov.tw/Image/GetImage?ImageId=852&randomCode=43610125,日光鹿角紋鏡,戰國,宇珍,秋季 中國藝術珍品－青銅器專場（模擬場次）,2024-12-21,台北,0001,直徑15.8公分,2450000,4100000,2850000,RMB,成交,LOT-4CC9BF003B43,SIM-2024-YZH-BRO-2,YZH,,戰國,僅有年代
法書,行書,https://digitalarchive.npm.gov.tw/Image/GetImage?ImageId=0&randomCode=0,民國葉公超行書八言聯　軸,葉公超,帝圖,秋季 中國書畫珍藏（模擬場次）,2022-11-26,台北,0001,103x28.2,480000,610000,520000,RMB,成交,LOT-050BC31E7F0B,SIM-2022-DIT-CAL-2,DIT,葉公超,,已解析作者
陶瓷器,青花,https://digitalarchive.npm.gov.tw/Image/GetImage?ImageId=398868&randomCode=1971660650,青花花卉紋雙耳罐,不詳,橫濱國拍,春季 中國藝術珍品－瓷器專場（模擬場次）,2024-05-19,橫濱,0001,高5.4、口徑3、底徑3.2公分,4150000,5850000,11200000,RMB,成交,LOT-21BEDE51002E,SIM-2024-YIA-CER-1,YIA,,,資料不詳
陶瓷器,粉彩,https://digitalarchive.npm.gov.tw/Image/GetImage?ImageId=1738495&randomCode=225521651,粉彩牡丹紋花盆,清,東京中央,秋季 重要中國瓷器及工藝精品（模擬場次）,2020-10-11,東京,0001,高32.0公分 口徑37.6公分 底徑20.1公分,270000,410000,340000,RMB,成交,LOT-756604088D17,SIM-2020-TCA-CER-2,TCA,,清,僅有年代
繪畫,其他繪畫,https://digitalarchive.npm.gov.tw/Image/GetImage?ImageId=592884&randomCode=25154348326,日本僧海崙畫善財五十三參　冊　參休捨優婆夷,不詳,保利香港,春季 中國古代書畫（模擬場次）,2025-06-22,香港,0002,26.4x27.5,4600000,7550000,3950000,RMB,成交,LOT-A4CBA61DA7F9,SIM-2025-PHK-PAI-1,PHK,,,資料不詳
法書,書札／信函,https://digitalarchive.npm.gov.tw/Image/GetImage?ImageId=522784&randomCode=22675429793,宋人雜書　冊　蘇庠書上問尊夫人尺牘,不詳,宇珍,春季 中國古代書法（模擬場次）,2020-04-25,台北,0001,28.5x14.7,640000,840000,620000,RMB,成交,LOT-C4D91F494D2B,SIM-2020-YZH-CAL-1,YZH,,,資料不詳
法書,書札／信函,https://digitalarchive.npm.gov.tw/Image/GetImage?ImageId=618312&randomCode=90920124183,清彭玉麟手札　冊　致筠仙仁兄七月七日函,彭玉麟,帝圖,春季 中國古代書法（模擬場次）,2021-05-09,台北,0001,,250000,360000,2100000,RMB,成交,LOT-425D4E76265B,SIM-2021-DIT-CAL-1,DIT,彭玉麟,,已解析作者
銅器,銅印,https://digitalarchive.npm.gov.tw/Image/GetImage?ImageId=32167&randomCode=78710468645,「部曲將印」銅印,東漢,宇珍,秋季 中國藝術珍品－青銅器專場（模擬場次）,2024-12-21,台北,0002,長2.3公分,190000,310000,,RMB,流拍,LOT-A1289FA82819,SIM-2024-YZH-BRO-2,YZH,,東漢,僅有年代
法書,行書,https://digitalarchive.npm.gov.tw/Image/GetImage?ImageId=523713&randomCode=41832955151,元明書翰第二十七冊　冊　陳繼儒行書西園雅集圖記,明神宗萬曆四十七年（1619）,佳士得,秋季 翰墨流芳－歷代法書（模擬場次）,2021-11-21,香港,0001,,500000,700000,,RMB,撤拍,LOT-4235F48B345F,SIM-2021-CHR-CAL-2,CHR,,明神宗萬曆四十七年（1619）,僅有年代
銅器,鼎,https://digitalarchive.npm.gov.tw/Image/GetImage?ImageId=2776&randomCode=1834361653,弦紋鼎,漢,帝圖,春季 吉金永寶－重要青銅器（模擬場次）,2022-05-21,台北,0001,高16.6公分,670000,890000,,RMB,流拍,LOT-249A31421CAC,SIM-2022-DIT-BRO-1,DIT,,漢,僅有年代
